name,class,scan,1600.78,1605.52,1610.24,1614.97,1619.68,1624.39,1629.09,1634.95,1639.63,1644.31,1648.97,1653.63,1658.29,1662.93,1667.57,1672.20,1676.82,1681.44,1686.04,1690.64,1695.24,1699.82,1704.40,1708.97,1713.53,1718.09,1722.64,1727.18,1731.71,1736.24,1740.76,1745.27,1749.77,1754.27,1758.76,1763.24,1767.71,1772.18,1776.63,1781.09,1785.53,1789.97,1794.40,1798.82,1803.23,1807.64,1812.04,1817.52,1821.91,1826.28,1830.65,1835.01,1839.36,1843.71,1848.04,1852.37,1856.70,1861.01,1865.32,1869.62,1873.91,1878.20,1882.48,1886.75,1891.01,1895.27,1899.52,1903.76,1907.99,1912.22,1916.43,1920.64,1924.85,1929.04,1933.23,1937.41,1941.59,1945.75,1949.91,1954.06,1958.21,1962.34,1966.47,1970.59,1974.71,1978.82,1982.91,1988.03,1992.11,1996.19,2000.25,2004.31,2008.37,2012.41,2016.45,2020.48,2024.50,2028.52,2032.52,2036.53,2040.52,2044.50,2048.48,2052.45,2056.42,2060.37,2064.32,2068.26,2072.19,2076.12,2080.04,2083.95,2087.85,2091.75,2095.64,2099.52,2103.39,2107.26,2111.12,2114.97,2118.81,2122.65,2126.48,2130.30,2134.11,2137.92,2141.72,2146.46,2150.24,2154.02,2157.78,2161.54,2165.30,2169.04,2172.78,2176.51,2180.23,2183.95,2187.66,2191.36,2195.05,2198.74,2202.41,2206.09,2209.75,2213.40,2217.05,2220.69,2224.33,2227.95,2231.57,2235.18,2238.79,2242.38,2245.97,2249.55,2253.13,2256.69,2260.25,2263.80,2267.35,2270.88,2274.41,2277.93,2281.45,2284.96,2288.46,2292.82,2296.30,2299.78,2303.24,2306.70,2310.16,2313.60,2317.04,2320.47,2323.89,2327.31,2330.72,2334.12,2337.51,2340.90,2344.27,2347.65,2351.01,2354.36,2357.71,2361.05,2364.39,2367.71,2371.03,2374.34,2377.65,2380.94,2384.23,2387.51,2390.79,2394.05,2397.31,2400.56
aspartame,additive,103448,0.19013,0.18974,0.18976,0.19034,0.19194,0.19495,0.19858,0.20261,0.20507,0.20699,0.20958,0.21493,0.22479,0.23875,0.25437,0.26806,0.27639,0.27840,0.27448,0.26742,0.25890,0.25077,0.24442,0.24029,0.23862,0.23915,0.24111,0.24237,0.24109,0.23696,0.23266,0.22943,0.22754,0.22638,0.22599,0.22593,0.22580,0.22562,0.22479,0.22379,0.22257,0.22170,0.22184,0.22234,0.22344,0.22447,0.22500,0.22525,0.22502,0.22475,0.22430,0.22418,0.22419,0.22467,0.22443,0.22453,0.22502,0.22545,0.22628,0.22719,0.22881,0.23032,0.23146,0.23406,0.23671,0.24042,0.24374,0.24759,0.25137,0.25555,0.25957,0.26457,0.26954,0.27330,0.27701,0.28081,0.28291,0.28480,0.28610,0.28662,0.28636,0.28556,0.28509,0.28386,0.28338,0.28317,0.28344,0.28356,0.28399,0.28338,0.28239,0.28098,0.27990,0.27945,0.28005,0.28200,0.28614,0.29414,0.30581,0.31978,0.33121,0.33541,0.33139,0.32315,0.31596,0.31072,0.30724,0.30581,0.30565,0.30714,0.30968,0.31390,0.31827,0.32450,0.33083,0.33637,0.33951,0.34165,0.34291,0.34556,0.35050,0.35605,0.36139,0.36630,0.37078,0.37493,0.37803,0.37806,0.37907,0.38357,0.39235,0.40308,0.41042,0.41245,0.40955,0.40704,0.40821,0.41259,0.41711,0.41829,0.41575,0.41265,0.40926,0.40589,0.40223,0.40008,0.40036,0.40190,0.40601,0.41162,0.42141,0.43348,0.44721,0.45882,0.46544,0.46522,0.45894,0.45316,0.45230,0.45525,0.46008,0.46364,0.46366,0.46388,0.46505,0.46988,0.47644,0.48214,0.48338,0.48246,0.48152,0.48205,0.48338,0.48578,0.49075,0.49705,0.50218,0.50169,0.49941,0.49699,0.49804,0.50225,0.50706,0.50935,0.51104,0.51073,0.51288,0.51584,0.52267,0.53221,0.54232,0.55068,0.55175,0.54708,0.54030,0.53335,0.52787,0.52344,0.51832,0.51300
aspartame,additive,103502,0.19004,0.18973,0.18969,0.19030,0.19193,0.19496,0.19856,0.20258,0.20504,0.20697,0.20953,0.21492,0.22478,0.23867,0.25425,0.26803,0.27629,0.27834,0.27447,0.26739,0.25895,0.25073,0.24436,0.24029,0.23864,0.23910,0.24095,0.24234,0.24111,0.23703,0.23258,0.22932,0.22751,0.22627,0.22587,0.22569,0.22573,0.22539,0.22453,0.22364,0.22244,0.22164,0.22165,0.22206,0.22313,0.22423,0.22501,0.22517,0.22481,0.22447,0.22416,0.22413,0.22410,0.22429,0.22416,0.22437,0.22485,0.22523,0.22621,0.22711,0.22873,0.23019,0.23131,0.23381,0.23620,0.24015,0.24334,0.24702,0.25120,0.25511,0.25916,0.26392,0.26920,0.27302,0.27659,0.28077,0.28222,0.28442,0.28541,0.28620,0.28565,0.28514,0.28445,0.28324,0.28295,0.28272,0.28302,0.28332,0.28393,0.28293,0.28216,0.28083,0.27944,0.27926,0.27980,0.28164,0.28556,0.29383,0.30525,0.31943,0.33094,0.33531,0.33105,0.32329,0.31601,0.31078,0.30742,0.30588,0.30591,0.30715,0.30980,0.31342,0.31850,0.32456,0.33077,0.33628,0.33952,0.34160,0.34293,0.34563,0.35030,0.35610,0.36141,0.36626,0.37078,0.37496,0.37795,0.37794,0.37913,0.38347,0.39254,0.40301,0.41016,0.41239,0.40964,0.40696,0.40831,0.41284,0.41710,0.41807,0.41601,0.41263,0.40962,0.40592,0.40231,0.40033,0.40045,0.40196,0.40629,0.41185,0.42153,0.43356,0.44710,0.45826,0.46551,0.46502,0.45893,0.45325,0.45205,0.45545,0.46011,0.46377,0.46441,0.46402,0.46500,0.47010,0.47630,0.48229,0.48353,0.48240,0.48174,0.48211,0.48333,0.48597,0.49093,0.49720,0.50209,0.50140,0.49928,0.49718,0.49779,0.50209,0.50676,0.50946,0.51073,0.51076,0.51290,0.51585,0.52222,0.53205,0.54189,0.55019,0.55171,0.54701,0.54028,0.53348,0.52749,0.52320,0.51852,0.51329
aspartame,additive,103514,0.18995,0.18966,0.18970,0.19028,0.19191,0.19487,0.19852,0.20257,0.20500,0.20691,0.20957,0.21494,0.22477,0.23868,0.25424,0.26793,0.27633,0.27833,0.27445,0.26742,0.25893,0.25075,0.24446,0.24020,0.23864,0.23906,0.24092,0.24224,0.24105,0.23692,0.23247,0.22924,0.22726,0.22627,0.22584,0.22566,0.22570,0.22536,0.22458,0.22353,0.22233,0.22156,0.22162,0.22210,0.22308,0.22431,0.22490,0.22496,0.22467,0.22438,0.22395,0.22403,0.22402,0.22431,0.22425,0.22415,0.22468,0.22515,0.22593,0.22701,0.22841,0.23007,0.23130,0.23363,0.23606,0.23987,0.24324,0.24689,0.25068,0.25479,0.25888,0.26368,0.26867,0.27211,0.27618,0.27991,0.28187,0.28361,0.28509,0.28587,0.28515,0.28480,0.28396,0.28301,0.28228,0.28235,0.28265,0.28289,0.28342,0.28291,0.28187,0.28074,0.27934,0.27895,0.27965,0.28150,0.28556,0.29359,0.30521,0.31938,0.33085,0.33528,0.33118,0.32308,0.31615,0.31086,0.30747,0.30597,0.30597,0.30726,0.30976,0.31383,0.31843,0.32451,0.33066,0.33618,0.33958,0.34152,0.34286,0.34544,0.35055,0.35620,0.36134,0.36629,0.37051,0.37478,0.37779,0.37812,0.37918,0.38352,0.39249,0.40278,0.41015,0.41242,0.40988,0.40675,0.40828,0.41280,0.41720,0.41834,0.41581,0.41277,0.40942,0.40619,0.40272,0.40043,0.40079,0.40214,0.40640,0.41207,0.42167,0.43362,0.44707,0.45834,0.46554,0.46503,0.45912,0.45311,0.45219,0.45541,0.46019,0.46391,0.46412,0.46399,0.46536,0.47029,0.47633,0.48206,0.48345,0.48251,0.48199,0.48235,0.48340,0.48616,0.49068,0.49714,0.50237,0.50173,0.49927,0.49704,0.49764,0.50190,0.50655,0.50926,0.51073,0.51069,0.51286,0.51589,0.52240,0.53182,0.54196,0.55038,0.55173,0.54689,0.54028,0.53332,0.52775,0.52345,0.51858,0.51357
aspartame,additive,103526,0.18994,0.18965,0.18960,0.19029,0.19187,0.19491,0.19852,0.20249,0.20502,0.20688,0.20952,0.21494,0.22471,0.23862,0.25425,0.26797,0.27626,0.27826,0.27445,0.26741,0.25889,0.25067,0.24432,0.24030,0.23864,0.23902,0.24090,0.24222,0.24101,0.23687,0.23256,0.22916,0.22738,0.22630,0.22582,0.22562,0.22552,0.22528,0.22451,0.22354,0.22225,0.22152,0.22147,0.22198,0.22314,0.22413,0.22473,0.22498,0.22465,0.22449,0.22408,0.22393,0.22396,0.22428,0.22395,0.22426,0.22472,0.22494,0.22597,0.22671,0.22832,0.22989,0.23117,0.23346,0.23591,0.23957,0.24266,0.24636,0.25029,0.25437,0.25841,0.26288,0.26814,0.27182,0.27559,0.27967,0.28137,0.28336,0.28458,0.28544,0.28469,0.28436,0.28371,0.28272,0.28243,0.28212,0.28230,0.28274,0.28330,0.28253,0.28136,0.28010,0.27920,0.27884,0.27955,0.28145,0.28539,0.29335,0.30494,0.31912,0.33058,0.33503,0.33105,0.32317,0.31610,0.31079,0.30759,0.30601,0.30610,0.30736,0.30990,0.31364,0.31827,0.32450,0.33088,0.33611,0.33972,0.34158,0.34296,0.34543,0.35033,0.35617,0.36143,0.36623,0.37063,0.37498,0.37793,0.37808,0.37926,0.38348,0.39234,0.40283,0.41015,0.41241,0.40983,0.40727,0.40837,0.41288,0.41721,0.41835,0.41595,0.41298,0.40972,0.40604,0.40261,0.40068,0.40088,0.40228,0.40659,0.41200,0.42180,0.43376,0.44708,0.45854,0.46518,0.46503,0.45899,0.45344,0.45236,0.45553,0.46046,0.46413,0.46463,0.46427,0.46542,0.47032,0.47645,0.48207,0.48337,0.48225,0.48201,0.48213,0.48384,0.48605,0.49087,0.49717,0.50214,0.50159,0.49938,0.49723,0.49759,0.50215,0.50670,0.50930,0.51093,0.51066,0.51301,0.51574,0.52239,0.53190,0.54200,0.55009,0.55137,0.54687,0.54023,0.53316,0.52783,0.52320,0.51869,0.51340
aspartame,additive,103538,0.18988,0.18960,0.18957,0.19019,0.19188,0.19487,0.19851,0.20253,0.20495,0.20693,0.20954,0.21490,0.22475,0.23862,0.25423,0.26794,0.27629,0.27835,0.27447,0.26741,0.25897,0.25059,0.24432,0.24022,0.23869,0.23905,0.24078,0.24217,0.24095,0.23691,0.23247,0.22924,0.22739,0.22617,0.22575,0.22562,0.22563,0.22528,0.22445,0.22338,0.22220,0.22148,0.22145,0.22188,0.22304,0.22398,0.22462,0.22487,0.22457,0.22428,0.22422,0.22389,0.22387,0.22436,0.22405,0.22416,0.22491,0.22477,0.22597,0.22722,0.22822,0.22964,0.23081,0.23318,0.23556,0.23935,0.24248,0.24593,0.25011,0.25392,0.25823,0.26307,0.26798,0.27152,0.27529,0.27922,0.28119,0.28298,0.28437,0.28509,0.28465,0.28406,0.28348,0.28263,0.28189,0.28183,0.28202,0.28237,0.28303,0.28238,0.28159,0.27994,0.27904,0.27888,0.27941,0.28142,0.28514,0.29353,0.30477,0.31916,0.33043,0.33470,0.33115,0.32332,0.31614,0.31094,0.30748,0.30613,0.30603,0.30724,0.31006,0.31344,0.31844,0.32443,0.33069,0.33615,0.33958,0.34157,0.34312,0.34572,0.35030,0.35607,0.36144,0.36639,0.37055,0.37489,0.37801,0.37814,0.37938,0.38374,0.39228,0.40244,0.41016,0.41253,0.40992,0.40705,0.40827,0.41287,0.41717,0.41834,0.41610,0.41282,0.40986,0.40608,0.40256,0.40076,0.40109,0.40241,0.40660,0.41230,0.42176,0.43369,0.44698,0.45851,0.46532,0.46514,0.45880,0.45352,0.45209,0.45532,0.46042,0.46419,0.46458,0.46423,0.46537,0.47013,0.47634,0.48194,0.48340,0.48237,0.48191,0.48221,0.48321,0.48625,0.49088,0.49721,0.50213,0.50174,0.49945,0.49706,0.49786,0.50190,0.50650,0.50908,0.51091,0.51117,0.51276,0.51591,0.52211,0.53133,0.54198,0.55024,0.55104,0.54645,0.54043,0.53330,0.52760,0.52306,0.51869,0.51307
benzoic acid,additive,103742,0.37678,0.38692,0.39917,0.41533,0.43504,0.45630,0.47607,0.49711,0.51315,0.53513,0.57354,0.63046,0.68971,0.72657,0.73243,0.72271,0.70878,0.69015,0.66567,0.64023,0.61996,0.60616,0.59495,0.58469,0.57780,0.57490,0.57436,0.57487,0.57621,0.57921,0.58322,0.58651,0.58899,0.59127,0.59334,0.59441,0.59539,0.59698,0.60000,0.60463,0.60880,0.61321,0.61703,0.62081,0.62456,0.62826,0.63213,0.63795,0.64291,0.64730,0.65107,0.65429,0.65773,0.66077,0.66435,0.66856,0.67225,0.67531,0.67908,0.68283,0.68694,0.68920,0.69110,0.69315,0.69498,0.69823,0.69932,0.70108,0.70273,0.70312,0.70316,0.70298,0.70454,0.70331,0.70376,0.70453,0.70560,0.70683,0.70843,0.70995,0.71079,0.71160,0.71329,0.71479,0.71699,0.71987,0.72226,0.72360,0.72615,0.72852,0.73031,0.73132,0.73261,0.73383,0.73444,0.73501,0.73378,0.73373,0.73322,0.73346,0.73288,0.73175,0.73070,0.73025,0.73053,0.73138,0.73149,0.73290,0.73474,0.73795,0.74277,0.74857,0.75630,0.76387,0.77003,0.77475,0.77716,0.77968,0.78350,0.78993,0.80161,0.81953,0.84796,0.88582,0.92387,0.94414,0.94188,0.93044,0.93077,0.94057,0.94577,0.93553,0.91595,0.90002,0.89098,0.89160,0.89768,0.90277,0.90155,0.89502,0.88599,0.87942,0.87824,0.88228,0.88418,0.88472,0.88243,0.87945,0.87828,0.87621,0.87551,0.87558,0.87698,0.87845,0.88079,0.88452,0.88972,0.89971,0.91083,0.92188,0.93172,0.94248,0.95395,0.96580,0.97224,0.97552,0.97869,0.98017,0.97841,0.97473,0.97313,0.97288,0.97482,0.97461,0.97800,0.98235,0.98919,0.99607,1.00188,1.00746,1.01283,1.01797,1.02143,1.02523,1.02922,1.03257,1.03701,1.04236,1.05126,1.06139,1.07570,1.09043,1.10231,1.10516,1.10239,1.09034,1.07797,1.06860,1.06363,1.06259
benzoic acid,additive,103755,0.37737,0.38754,0.39981,0.41597,0.43566,0.45695,0.47673,0.49764,0.51388,0.53590,0.57408,0.63080,0.69009,0.72698,0.73284,0.72341,0.70930,0.69083,0.66653,0.64094,0.62069,0.60661,0.59544,0.58533,0.57813,0.57523,0.57461,0.57482,0.57644,0.57930,0.58305,0.58637,0.58911,0.59138,0.59304,0.59446,0.59525,0.59687,0.60034,0.60447,0.60889,0.61288,0.61720,0.62065,0.62451,0.62849,0.63200,0.63791,0.64228,0.64693,0.65052,0.65352,0.65676,0.66045,0.66356,0.66777,0.67151,0.67488,0.67834,0.68177,0.68591,0.68878,0.69003,0.69259,0.69447,0.69736,0.69885,0.69992,0.70125,0.70163,0.70256,0.70282,0.70312,0.70238,0.70338,0.70382,0.70432,0.70568,0.70722,0.70913,0.70850,0.70990,0.71209,0.71388,0.71588,0.71846,0.72030,0.72240,0.72473,0.72679,0.72847,0.73036,0.73174,0.73279,0.73349,0.73377,0.73282,0.73343,0.73283,0.73235,0.73130,0.73124,0.72981,0.72924,0.73005,0.73045,0.73081,0.73254,0.73423,0.73737,0.74231,0.74832,0.75548,0.76315,0.76948,0.77369,0.77651,0.77882,0.78326,0.78913,0.80087,0.81900,0.84717,0.88537,0.92273,0.94278,0.94102,0.92938,0.92995,0.93889,0.94399,0.93437,0.91552,0.89901,0.89043,0.89090,0.89696,0.90136,0.90090,0.89443,0.88492,0.87870,0.87692,0.88041,0.88344,0.88332,0.88182,0.87872,0.87743,0.87539,0.87538,0.87488,0.87638,0.87706,0.87959,0.88396,0.88943,0.89804,0.91015,0.92154,0.93092,0.94127,0.95343,0.96439,0.97144,0.97492,0.97717,0.97904,0.97709,0.97399,0.97194,0.97198,0.97255,0.97424,0.97677,0.98128,0.98816,0.99424,1.00207,1.00715,1.01144,1.01720,1.02005,1.02404,1.02835,1.03081,1.03552,1.04038,1.04942,1.06175,1.07352,1.08910,1.10167,1.10567,1.10189,1.09027,1.07701,1.06892,1.06352,1.06260
benzoic acid,additive,103807,0.37764,0.38785,0.40016,0.41626,0.43598,0.45728,0.47710,0.49791,0.51416,0.53626,0.57452,0.63104,0.69026,0.72723,0.73309,0.72363,0.70957,0.69099,0.66670,0.64118,0.62086,0.60695,0.59561,0.58541,0.57835,0.57547,0.57478,0.57489,0.57664,0.57929,0.58316,0.58639,0.58928,0.59124,0.59320,0.59439,0.59538,0.59716,0.59992,0.60469,0.60876,0.61291,0.61691,0.62062,0.62448,0.62846,0.63216,0.63772,0.64230,0.64675,0.65058,0.65378,0.65640,0.66030,0.66316,0.66744,0.67132,0.67453,0.67847,0.68169,0.68514,0.68842,0.68992,0.69215,0.69363,0.69626,0.69794,0.69982,0.70039,0.70182,0.70170,0.70182,0.70239,0.70236,0.70212,0.70352,0.70349,0.70574,0.70626,0.70846,0.70888,0.71016,0.71117,0.71331,0.71560,0.71779,0.72002,0.72197,0.72493,0.72683,0.72804,0.72996,0.73145,0.73214,0.73287,0.73314,0.73257,0.73279,0.73254,0.73239,0.73163,0.73087,0.72945,0.72957,0.72947,0.73012,0.73064,0.73183,0.73378,0.73738,0.74220,0.74801,0.75510,0.76250,0.76875,0.77367,0.77550,0.77897,0.78264,0.78878,0.80036,0.81917,0.84657,0.88495,0.92212,0.94219,0.94119,0.92861,0.93025,0.93822,0.94394,0.93464,0.91479,0.89874,0.89001,0.89058,0.89669,0.90125,0.90063,0.89384,0.88509,0.87798,0.87729,0.88102,0.88316,0.88327,0.88109,0.87851,0.87708,0.87487,0.87429,0.87459,0.87608,0.87677,0.87974,0.88314,0.88969,0.89795,0.90967,0.92126,0.93075,0.94118,0.95227,0.96351,0.96986,0.97425,0.97742,0.97840,0.97753,0.97332,0.97158,0.97115,0.97305,0.97431,0.97603,0.98044,0.98830,0.99389,1.00115,1.00611,1.01188,1.01597,1.01974,1.02350,1.02793,1.03053,1.03567,1.04050,1.04823,1.06034,1.07346,1.08941,1.10048,1.10556,1.10218,1.08989,1.07704,1.06696,1.06481,1.06118
benzoic acid,additive,103819,0.37796,0.38814,0.40040,0.41654,0.43631,0.45763,0.47730,0.49822,0.51446,0.53644,0.57472,0.63124,0.69022,0.72709,0.73309,0.72367,0.70973,0.69132,0.66704,0.64147,0.62131,0.60700,0.59576,0.58555,0.57859,0.57552,0.57487,0.57526,0.57658,0.57945,0.58309,0.58642,0.58922,0.59115,0.59319,0.59469,0.59527,0.59685,0.60010,0.60430,0.60884,0.61302,0.61732,0.62070,0.62440,0.62835,0.63203,0.63746,0.64227,0.64679,0.65067,0.65323,0.65653,0.65987,0.66337,0.66748,0.67088,0.67425,0.67790,0.68205,0.68504,0.68788,0.68961,0.69194,0.69397,0.69551,0.69745,0.69891,0.70073,0.70212,0.70164,0.70100,0.70197,0.70147,0.70171,0.70282,0.70296,0.70489,0.70578,0.70786,0.70803,0.70957,0.71113,0.71293,0.71544,0.71736,0.71940,0.72144,0.72419,0.72613,0.72768,0.72955,0.73039,0.73210,0.73214,0.73282,0.73169,0.73217,0.73185,0.73147,0.73082,0.73007,0.72965,0.72866,0.72923,0.72932,0.73062,0.73150,0.73354,0.73676,0.74133,0.74756,0.75477,0.76243,0.76858,0.77316,0.77508,0.77811,0.78190,0.78830,0.80017,0.81784,0.84619,0.88416,0.92155,0.94173,0.94082,0.92801,0.92988,0.93778,0.94267,0.93402,0.91517,0.89792,0.88941,0.88994,0.89647,0.90089,0.89983,0.89385,0.88410,0.87758,0.87643,0.88010,0.88303,0.88320,0.88035,0.87780,0.87620,0.87437,0.87396,0.87439,0.87583,0.87676,0.87915,0.88304,0.88903,0.89789,0.90871,0.91982,0.93035,0.94060,0.95268,0.96433,0.96984,0.97372,0.97647,0.97807,0.97658,0.97339,0.97190,0.97134,0.97159,0.97315,0.97578,0.98075,0.98693,0.99322,1.00044,1.00567,1.01040,1.01602,1.01976,1.02356,1.02832,1.03004,1.03433,1.03986,1.04827,1.06035,1.07325,1.08672,1.09996,1.10415,1.10148,1.08973,1.07689,1.06764,1.06402,1.06114
benzoic acid,additive,103832,0.37803,0.38815,0.40050,0.41657,0.43638,0.45765,0.47734,0.49831,0.51452,0.53660,0.57471,0.63129,0.69040,0.72708,0.73333,0.72363,0.70978,0.69129,0.66694,0.64153,0.62130,0.60711,0.59579,0.58564,0.57853,0.57554,0.57482,0.57510,0.57657,0.57944,0.58310,0.58637,0.58905,0.59138,0.59322,0.59461,0.59558,0.59700,0.60006,0.60451,0.60872,0.61303,0.61693,0.62026,0.62479,0.62812,0.63213,0.63772,0.64223,0.64689,0.65012,0.65364,0.65669,0.65994,0.66367,0.66708,0.67086,0.67421,0.67867,0.68169,0.68517,0.68749,0.68927,0.69173,0.69305,0.69621,0.69827,0.69903,0.70037,0.70066,0.70086,0.70149,0.70249,0.70248,0.70098,0.70250,0.70334,0.70491,0.70555,0.70772,0.70769,0.70932,0.71068,0.71299,0.71478,0.71705,0.71859,0.72118,0.72410,0.72629,0.72832,0.72978,0.73070,0.73188,0.73254,0.73249,0.73236,0.73200,0.73166,0.73142,0.73129,0.73010,0.72943,0.72859,0.72915,0.72986,0.73015,0.73175,0.73371,0.73678,0.74152,0.74793,0.75499,0.76242,0.76868,0.77345,0.77532,0.77802,0.78251,0.78818,0.80014,0.81819,0.84639,0.88435,0.92137,0.94133,0.94038,0.92820,0.92988,0.93852,0.94390,0.93448,0.91477,0.89778,0.88993,0.88988,0.89615,0.90057,0.90014,0.89378,0.88398,0.87779,0.87633,0.87983,0.88261,0.88264,0.88041,0.87765,0.87660,0.87429,0.87402,0.87438,0.87569,0.87607,0.87911,0.88296,0.88911,0.89744,0.90883,0.91989,0.92980,0.94080,0.95211,0.96352,0.96919,0.97373,0.97672,0.97821,0.97697,0.97260,0.97084,0.97124,0.97172,0.97393,0.97639,0.98010,0.98805,0.99373,1.00059,1.00552,1.01054,1.01623,1.01981,1.02260,1.02715,1.02947,1.03507,1.04031,1.04905,1.06017,1.07387,1.08855,1.09954,1.10506,1.10148,1.08968,1.07539,1.06725,1.06224,1.06188
caffeine,additive,103614,0.17691,0.18398,0.19263,0.20370,0.21732,0.23344,0.25038,0.26943,0.28118,0.28964,0.29702,0.30523,0.31573,0.32844,0.33999,0.34375,0.33533,0.31950,0.30445,0.29565,0.29361,0.29599,0.29968,0.30178,0.30109,0.29769,0.29200,0.28466,0.27552,0.26501,0.25448,0.24469,0.23674,0.23002,0.22528,0.22220,0.22049,0.22023,0.22060,0.22110,0.22107,0.22103,0.22060,0.22013,0.21979,0.21827,0.21596,0.21155,0.20786,0.20488,0.20240,0.20067,0.19951,0.19914,0.19836,0.19820,0.19790,0.19748,0.19731,0.19760,0.19839,0.19941,0.20065,0.20264,0.20454,0.20787,0.21087,0.21372,0.21678,0.21980,0.22247,0.22458,0.22520,0.22345,0.22037,0.21739,0.21363,0.21115,0.20934,0.20821,0.20708,0.20648,0.20558,0.20451,0.20447,0.20475,0.20581,0.20686,0.20824,0.20848,0.20884,0.20876,0.20949,0.21044,0.21161,0.21297,0.21371,0.21367,0.21309,0.21234,0.21199,0.21253,0.21360,0.21531,0.21829,0.22250,0.22816,0.23537,0.24346,0.25084,0.25608,0.26032,0.26421,0.26956,0.27464,0.27821,0.27974,0.28069,0.28223,0.28499,0.28896,0.29346,0.29851,0.30563,0.31399,0.32255,0.33002,0.33501,0.33653,0.33748,0.33999,0.34391,0.34835,0.35352,0.35835,0.36406,0.37077,0.37858,0.38794,0.39834,0.40933,0.42206,0.43675,0.45428,0.47364,0.49594,0.51986,0.54424,0.57124,0.59802,0.62539,0.64993,0.67213,0.68862,0.70143,0.70980,0.71229,0.71089,0.70647,0.69960,0.68970,0.68007,0.66858,0.65702,0.64246,0.62836,0.61498,0.60169,0.59427,0.58772,0.58290,0.57778,0.57333,0.57078,0.57047,0.57210,0.57373,0.56916,0.56166,0.55003,0.53864,0.52979,0.52319,0.51979,0.51933,0.51896,0.51957,0.51843,0.51737,0.51694,0.51682,0.51872,0.52144,0.52492,0.52978,0.53295,0.53510,0.53711,0.54099,0.54725
caffeine,additive,103627,0.17695,0.18400,0.19267,0.20373,0.21738,0.23353,0.25042,0.26950,0.28120,0.28965,0.29688,0.30520,0.31555,0.32835,0.33994,0.34369,0.33533,0.31955,0.30458,0.29570,0.29362,0.29593,0.29962,0.30168,0.30103,0.29758,0.29201,0.28458,0.27557,0.26511,0.25461,0.24496,0.23672,0.23012,0.22548,0.22233,0.22061,0.22034,0.22066,0.22109,0.22117,0.22092,0.22056,0.22005,0.21971,0.21826,0.21575,0.21151,0.20789,0.20496,0.20252,0.20075,0.19953,0.19921,0.19853,0.19821,0.19785,0.19749,0.19732,0.19755,0.19826,0.19926,0.20047,0.20222,0.20469,0.20759,0.21043,0.21326,0.21638,0.21975,0.22198,0.22382,0.22440,0.22263,0.21962,0.21647,0.21305,0.21063,0.20852,0.20755,0.20640,0.20551,0.20481,0.20433,0.20395,0.20422,0.20513,0.20661,0.20784,0.20804,0.20812,0.20863,0.20907,0.21005,0.21154,0.21282,0.21333,0.21368,0.21271,0.21231,0.21182,0.21265,0.21353,0.21528,0.21816,0.22228,0.22800,0.23541,0.24341,0.25053,0.25612,0.26017,0.26420,0.26951,0.27459,0.27798,0.27947,0.28058,0.28214,0.28500,0.28890,0.29321,0.29838,0.30540,0.31389,0.32264,0.32981,0.33514,0.33663,0.33751,0.33994,0.34407,0.34853,0.35355,0.35839,0.36401,0.37088,0.37862,0.38816,0.39845,0.40947,0.42212,0.43710,0.45456,0.47423,0.49606,0.52029,0.54411,0.57158,0.59802,0.62532,0.64981,0.67156,0.68803,0.70066,0.70931,0.71159,0.71029,0.70634,0.69925,0.68969,0.67962,0.66835,0.65631,0.64208,0.62795,0.61514,0.60187,0.59441,0.58792,0.58275,0.57773,0.57333,0.57035,0.57042,0.57223,0.57329,0.56944,0.56170,0.54989,0.53868,0.52964,0.52345,0.51969,0.51938,0.51926,0.51968,0.51843,0.51724,0.51722,0.51731,0.51888,0.52160,0.52539,0.53014,0.53293,0.53515,0.53743,0.54158,0.54748
caffeine,additive,103639,0.17698,0.18403,0.19272,0.20377,0.21741,0.23356,0.25052,0.26955,0.28119,0.28967,0.29694,0.30512,0.31555,0.32836,0.33995,0.34372,0.33531,0.31961,0.30461,0.29579,0.29358,0.29591,0.29966,0.30168,0.30100,0.29751,0.29198,0.28456,0.27549,0.26508,0.25463,0.24499,0.23687,0.23026,0.22552,0.22233,0.22071,0.22043,0.22071,0.22115,0.22125,0.22100,0.22060,0.22008,0.21962,0.21832,0.21592,0.21169,0.20784,0.20493,0.20252,0.20085,0.19965,0.19905,0.19842,0.19839,0.19803,0.19743,0.19740,0.19761,0.19838,0.19904,0.20027,0.20232,0.20454,0.20763,0.21035,0.21316,0.21610,0.21934,0.22167,0.22368,0.22432,0.22228,0.21935,0.21615,0.21242,0.21015,0.20844,0.20724,0.20613,0.20546,0.20464,0.20397,0.20356,0.20394,0.20499,0.20632,0.20748,0.20805,0.20811,0.20833,0.20901,0.21002,0.21139,0.21269,0.21320,0.21333,0.21280,0.21203,0.21184,0.21232,0.21349,0.21535,0.21816,0.22230,0.22803,0.23532,0.24351,0.25086,0.25600,0.26009,0.26435,0.26953,0.27458,0.27809,0.27951,0.28058,0.28206,0.28496,0.28880,0.29320,0.29843,0.30535,0.31387,0.32255,0.32992,0.33497,0.33669,0.33774,0.33995,0.34416,0.34866,0.35362,0.35848,0.36398,0.37073,0.37868,0.38830,0.39870,0.40952,0.42218,0.43717,0.45460,0.47442,0.49611,0.52037,0.54444,0.57116,0.59782,0.62529,0.64957,0.67187,0.68836,0.70069,0.70915,0.71106,0.70980,0.70616,0.69858,0.68936,0.67937,0.66801,0.65628,0.64181,0.62821,0.61489,0.60135,0.59455,0.58786,0.58267,0.57768,0.57354,0.57081,0.57065,0.57207,0.57336,0.56903,0.56136,0.55034,0.53898,0.53002,0.52343,0.51962,0.51952,0.51938,0.51968,0.51843,0.51735,0.51735,0.51724,0.51895,0.52163,0.52541,0.53013,0.53351,0.53535,0.53790,0.54130,0.54745
caffeine,additive,103651,0.17696,0.18404,0.19279,0.20384,0.21754,0.23363,0.25058,0.26958,0.28131,0.28969,0.29696,0.30513,0.31561,0.32837,0.33992,0.34371,0.33536,0.31964,0.30468,0.29591,0.29359,0.29593,0.29963,0.30166,0.30097,0.29762,0.29191,0.28463,0.27548,0.26512,0.25464,0.24491,0.23691,0.23031,0.22556,0.22243,0.22080,0.22045,0.22071,0.22124,0.22118,0.22097,0.22052,0.22016,0.21962,0.21831,0.21593,0.21150,0.20788,0.20496,0.20241,0.20090,0.19981,0.19916,0.19859,0.19821,0.19824,0.19743,0.19749,0.19754,0.19826,0.19915,0.20023,0.20229,0.20444,0.20739,0.21013,0.21310,0.21618,0.21921,0.22173,0.22345,0.22414,0.22202,0.21905,0.21606,0.21229,0.20963,0.20815,0.20680,0.20588,0.20517,0.20450,0.20369,0.20357,0.20364,0.20459,0.20615,0.20735,0.20786,0.20805,0.20831,0.20873,0.21002,0.21143,0.21255,0.21321,0.21340,0.21268,0.21213,0.21191,0.21231,0.21345,0.21528,0.21806,0.22227,0.22789,0.23539,0.24337,0.25061,0.25581,0.26015,0.26413,0.26938,0.27446,0.27798,0.27955,0.28055,0.28208,0.28501,0.28876,0.29335,0.29848,0.30546,0.31380,0.32262,0.33006,0.33504,0.33672,0.33766,0.34012,0.34418,0.34832,0.35358,0.35863,0.36388,0.37084,0.37881,0.38820,0.39867,0.40967,0.42248,0.43737,0.45481,0.47427,0.49640,0.52034,0.54453,0.57138,0.59828,0.62543,0.64982,0.67178,0.68746,0.70100,0.70912,0.71088,0.70988,0.70591,0.69870,0.68901,0.67933,0.66802,0.65622,0.64213,0.62831,0.61476,0.60167,0.59458,0.58789,0.58286,0.57771,0.57377,0.57083,0.57041,0.57191,0.57347,0.56923,0.56152,0.55041,0.53878,0.52996,0.52345,0.52016,0.51977,0.51921,0.51960,0.51837,0.51760,0.51728,0.51731,0.51920,0.52175,0.52540,0.52992,0.53320,0.53533,0.53773,0.54155,0.54756
caffeine,additive,103703,0.17700,0.18406,0.19281,0.20389,0.21757,0.23365,0.25064,0.26970,0.28140,0.28976,0.29696,0.30514,0.31561,0.32842,0.34001,0.34377,0.33540,0.31969,0.30466,0.29581,0.29373,0.29600,0.29963,0.30164,0.30097,0.29751,0.29205,0.28454,0.27547,0.26510,0.25469,0.24504,0.23694,0.23039,0.22565,0.22251,0.22085,0.22056,0.22072,0.22108,0.22126,0.22110,0.22060,0.22002,0.21966,0.21836,0.21587,0.21163,0.20795,0.20505,0.20259,0.20084,0.19963,0.19916,0.19852,0.19835,0.19819,0.19752,0.19753,0.19762,0.19839,0.19920,0.20034,0.20246,0.20455,0.20731,0.21022,0.21296,0.21608,0.21900,0.22155,0.22342,0.22397,0.22205,0.21891,0.21588,0.21205,0.20952,0.20806,0.20667,0.20565,0.20513,0.20433,0.20346,0.20328,0.20364,0.20468,0.20599,0.20743,0.20787,0.20812,0.20827,0.20890,0.20998,0.21125,0.21255,0.21319,0.21335,0.21259,0.21208,0.21187,0.21246,0.21352,0.21525,0.21801,0.22210,0.22800,0.23545,0.24345,0.25070,0.25603,0.26020,0.26420,0.26948,0.27459,0.27815,0.27953,0.28061,0.28220,0.28489,0.28875,0.29327,0.29838,0.30553,0.31380,0.32270,0.32994,0.33493,0.33660,0.33769,0.34010,0.34415,0.34860,0.35351,0.35863,0.36417,0.37097,0.37899,0.38815,0.39873,0.40972,0.42248,0.43735,0.45491,0.47453,0.49654,0.52041,0.54458,0.57130,0.59783,0.62539,0.65003,0.67166,0.68791,0.70087,0.70924,0.71121,0.71019,0.70569,0.69825,0.68923,0.67903,0.66792,0.65613,0.64190,0.62812,0.61514,0.60187,0.59458,0.58805,0.58299,0.57788,0.57372,0.57075,0.57041,0.57241,0.57322,0.56925,0.56189,0.55018,0.53878,0.52967,0.52354,0.51995,0.51958,0.51939,0.51970,0.51855,0.51740,0.51731,0.51721,0.51924,0.52166,0.52544,0.53014,0.53345,0.53568,0.53776,0.54133,0.54750
fructose,sugar,102717,1.02590,1.01736,1.01053,1.00430,0.99969,0.99472,0.98918,0.98107,0.97380,0.96554,0.95651,0.94753,0.93940,0.93308,0.93161,0.94074,0.96361,0.98466,0.98509,0.96343,0.94124,0.93431,0.93726,0.94288,0.94751,0.94837,0.94838,0.94824,0.94974,0.95237,0.95685,0.96290,0.96903,0.96973,0.96452,0.95543,0.94459,0.93319,0.92209,0.91294,0.90706,0.90345,0.90136,0.89810,0.89312,0.88601,0.87989,0.87394,0.86828,0.85963,0.84925,0.83927,0.83137,0.82617,0.82272,0.81913,0.81610,0.81120,0.80762,0.80431,0.80162,0.80044,0.79982,0.79952,0.80007,0.80032,0.80124,0.80376,0.80710,0.80957,0.81178,0.81230,0.81560,0.81677,0.81984,0.82282,0.82712,0.83261,0.83798,0.84289,0.84524,0.84727,0.84875,0.85092,0.85427,0.85899,0.86548,0.87750,0.88992,0.90511,0.92283,0.94465,0.97203,1.00547,1.04632,1.09195,1.13884,1.18958,1.23850,1.28039,1.31792,1.35826,1.40803,1.45805,1.50733,1.54790,1.57307,1.59408,1.60458,1.61903,1.63163,1.63876,1.63946,1.64530,1.63982,1.64305,1.63553,1.63864,1.63377,1.62513,1.62298,1.61747,1.60884,1.60494,1.60181,1.59576,1.58756,1.57798,1.56683,1.55475,1.54583,1.54434,1.53830,1.53308,1.51989,1.50470,1.48910,1.47769,1.46715,1.45750,1.44503,1.43314,1.42137,1.41363,1.40317,1.40078,1.40060,1.40569,1.41694,1.42933,1.45398,1.49097,1.54863,1.59326,1.61624,1.61489,1.60846,1.60409,1.59645,1.58014,1.56472,1.55712,1.55982,1.57797,1.59028,1.59629,1.58968,1.57388,1.55941,1.55737,1.55921,1.56390,1.56945,1.57675,1.57520,1.58073,1.59330,1.59676,1.59563,1.58292,1.56584,1.55315,1.54772,1.55375,1.56979,1.58505,1.60432,1.61712,1.62504,1.61968,1.61722,1.62021,1.62500,1.63688,1.64887,1.65523,1.65254,1.66084,1.66267,1.67815
fructose,sugar,102732,1.02430,1.01605,1.00891,1.00283,0.99778,0.99273,0.98716,0.97901,0.97172,0.96316,0.95437,0.94517,0.93705,0.93037,0.92933,0.93863,0.96154,0.98281,0.98350,0.96172,0.93995,0.93272,0.93597,0.94135,0.94568,0.94703,0.94665,0.94711,0.94854,0.95080,0.95536,0.96159,0.96779,0.96849,0.96392,0.95450,0.94365,0.93246,0.92184,0.91232,0.90599,0.90249,0.90031,0.89771,0.89244,0.88527,0.87970,0.87353,0.86788,0.85976,0.84874,0.83873,0.83132,0.82545,0.82186,0.81888,0.81556,0.81068,0.80695,0.80447,0.80179,0.79991,0.79911,0.79916,0.79895,0.80037,0.80191,0.80321,0.80697,0.80968,0.81163,0.81221,0.81452,0.81604,0.81939,0.82321,0.82796,0.83174,0.83734,0.84195,0.84428,0.84803,0.84881,0.85106,0.85414,0.85916,0.86622,0.87763,0.89112,0.90597,0.92325,0.94600,0.97240,1.00710,1.04664,1.09195,1.13971,1.19138,1.24003,1.28372,1.32039,1.36107,1.40806,1.46079,1.51084,1.54915,1.57516,1.59447,1.60760,1.62151,1.62980,1.63543,1.64037,1.64062,1.64383,1.64262,1.63939,1.63770,1.63059,1.62831,1.62235,1.61860,1.61044,1.60472,1.60042,1.59471,1.58826,1.57611,1.56717,1.55315,1.54422,1.54235,1.53832,1.53068,1.51957,1.50373,1.49127,1.47767,1.46529,1.45702,1.44480,1.43278,1.42144,1.41463,1.40525,1.40214,1.40068,1.40565,1.41592,1.42959,1.45394,1.49257,1.54562,1.59312,1.61253,1.61589,1.60821,1.60384,1.59608,1.58086,1.56210,1.55609,1.55743,1.57838,1.58860,1.59519,1.59019,1.56987,1.56184,1.55593,1.56009,1.56458,1.56898,1.57326,1.57565,1.58328,1.59450,1.59659,1.59268,1.58154,1.56590,1.55456,1.54775,1.55271,1.56894,1.58548,1.60557,1.61535,1.62497,1.62158,1.61382,1.61827,1.62264,1.63210,1.64463,1.65053,1.65241,1.65688,1.66817,1.67597
fructose,sugar,102744,1.02378,1.01507,1.00771,1.00192,0.99662,0.99175,0.98607,0.97780,0.97019,0.96179,0.95287,0.94401,0.93586,0.92947,0.92795,0.93737,0.95997,0.98166,0.98243,0.96137,0.93897,0.93183,0.93465,0.94071,0.94479,0.94624,0.94622,0.94637,0.94771,0.95054,0.95476,0.96117,0.96671,0.96790,0.96318,0.95393,0.94300,0.93164,0.92147,0.91224,0.90569,0.90218,0.90078,0.89768,0.89227,0.88556,0.87900,0.87322,0.86773,0.85903,0.84876,0.83860,0.83113,0.82618,0.82217,0.81884,0.81509,0.81084,0.80682,0.80360,0.80164,0.79956,0.79988,0.79932,0.79892,0.80016,0.80184,0.80409,0.80604,0.80920,0.81145,0.81301,0.81550,0.81614,0.81909,0.82274,0.82717,0.83155,0.83714,0.84244,0.84572,0.84807,0.84883,0.85154,0.85493,0.85911,0.86649,0.87847,0.89151,0.90651,0.92401,0.94577,0.97402,1.00835,1.04883,1.09409,1.14232,1.19347,1.24102,1.28385,1.32117,1.36444,1.41006,1.46068,1.51256,1.55081,1.57499,1.59347,1.61126,1.62361,1.63178,1.63869,1.63943,1.64314,1.64354,1.64230,1.63747,1.63704,1.63030,1.62873,1.62030,1.61849,1.60910,1.60304,1.59916,1.59458,1.59086,1.57719,1.56665,1.55619,1.54816,1.54299,1.53867,1.53267,1.51862,1.50388,1.49359,1.47716,1.46685,1.45500,1.44499,1.43220,1.42292,1.41233,1.40590,1.40203,1.40389,1.40726,1.41775,1.43264,1.45557,1.48950,1.54756,1.59330,1.61480,1.61246,1.60757,1.60617,1.59854,1.57831,1.56379,1.55610,1.56323,1.57912,1.59214,1.59636,1.58461,1.57096,1.56189,1.55433,1.55950,1.56598,1.57172,1.57208,1.57576,1.58448,1.59448,1.59616,1.59619,1.58126,1.56572,1.55335,1.54799,1.55291,1.57009,1.58354,1.60602,1.61682,1.62524,1.62116,1.61298,1.61810,1.62177,1.63690,1.64719,1.65140,1.65402,1.65931,1.66242,1.67545
fructose,sugar,102757,1.02318,1.01450,1.00736,1.00138,0.99624,0.99124,0.98516,0.97692,0.96953,0.96093,0.95209,0.94313,0.93484,0.92878,0.92724,0.93652,0.95948,0.98119,0.98184,0.96049,0.93855,0.93125,0.93416,0.94029,0.94467,0.94578,0.94568,0.94595,0.94757,0.94999,0.95473,0.96071,0.96639,0.96743,0.96242,0.95372,0.94290,0.93178,0.92125,0.91189,0.90578,0.90180,0.90025,0.89718,0.89167,0.88539,0.87909,0.87333,0.86755,0.85872,0.84875,0.83883,0.83046,0.82585,0.82165,0.81901,0.81539,0.81146,0.80697,0.80325,0.80112,0.79977,0.79986,0.79926,0.79935,0.79989,0.80078,0.80350,0.80596,0.80862,0.81123,0.81284,0.81500,0.81655,0.81849,0.82295,0.82689,0.83223,0.83793,0.84254,0.84475,0.84732,0.84929,0.85125,0.85495,0.85992,0.86701,0.87876,0.89127,0.90676,0.92448,0.94678,0.97432,1.00865,1.04983,1.09407,1.14234,1.19313,1.24158,1.28490,1.32277,1.36550,1.41159,1.46376,1.51066,1.55106,1.57563,1.59564,1.61071,1.62041,1.63418,1.63715,1.64212,1.64466,1.64248,1.64194,1.63970,1.63576,1.63232,1.62725,1.62274,1.61861,1.61109,1.60709,1.60077,1.59381,1.58675,1.57467,1.56678,1.55211,1.54607,1.54376,1.53933,1.53123,1.51932,1.50250,1.48955,1.47683,1.46623,1.45607,1.44449,1.43301,1.42240,1.41262,1.40609,1.40246,1.40418,1.40641,1.41775,1.43119,1.45473,1.49298,1.54681,1.59213,1.61477,1.61393,1.60768,1.60550,1.59580,1.58154,1.56274,1.55586,1.56027,1.57672,1.59199,1.59707,1.59121,1.57358,1.56163,1.55439,1.55867,1.56574,1.57074,1.57106,1.57467,1.57990,1.59310,1.59708,1.59515,1.58312,1.56483,1.55587,1.54873,1.55347,1.57109,1.58409,1.60517,1.61546,1.62526,1.62389,1.61329,1.61344,1.62126,1.63327,1.64730,1.65515,1.65266,1.65741,1.66744,1.67828
fructose,sugar,102808,1.02233,1.01389,1.00676,1.00089,0.99564,0.99040,0.98457,0.97623,0.96862,0.96031,0.95126,0.94216,0.93400,0.92792,0.92644,0.93569,0.95895,0.98041,0.98120,0.96000,0.93791,0.93067,0.93380,0.93954,0.94409,0.94534,0.94524,0.94560,0.94712,0.94936,0.95409,0.96030,0.96628,0.96737,0.96235,0.95345,0.94225,0.93127,0.92072,0.91151,0.90498,0.90146,0.90004,0.89709,0.89216,0.88475,0.87890,0.87272,0.86750,0.85890,0.84902,0.83818,0.83062,0.82550,0.82190,0.81867,0.81521,0.81151,0.80711,0.80401,0.80160,0.80046,0.79960,0.79903,0.79959,0.80089,0.80206,0.80398,0.80739,0.80919,0.81074,0.81271,0.81493,0.81570,0.81968,0.82251,0.82680,0.83055,0.83707,0.84142,0.84575,0.84756,0.84899,0.85109,0.85507,0.85958,0.86764,0.87864,0.89146,0.90644,0.92478,0.94700,0.97515,1.01030,1.04990,1.09555,1.14283,1.19421,1.24268,1.28654,1.32292,1.36606,1.41267,1.46370,1.51340,1.55074,1.57373,1.59744,1.61268,1.62598,1.63285,1.63970,1.64405,1.64375,1.64134,1.64389,1.63980,1.63886,1.63242,1.62880,1.62169,1.61773,1.60954,1.60830,1.60040,1.59552,1.58810,1.57729,1.56503,1.55425,1.54624,1.54324,1.53869,1.53278,1.51829,1.50438,1.48873,1.47635,1.46501,1.45569,1.44553,1.43374,1.42347,1.41614,1.40848,1.40241,1.40467,1.40688,1.41677,1.43228,1.45259,1.49121,1.54614,1.59128,1.61353,1.61397,1.60945,1.60384,1.59630,1.58011,1.56467,1.55547,1.56252,1.57768,1.58976,1.59534,1.58879,1.57215,1.56321,1.55562,1.56010,1.56441,1.57038,1.57551,1.57450,1.58131,1.59086,1.59306,1.59552,1.58238,1.56574,1.55351,1.54818,1.55442,1.56808,1.58422,1.60770,1.61690,1.62290,1.62038,1.61183,1.61795,1.62503,1.63613,1.64375,1.65260,1.65398,1.66051,1.66565,1.67532
glucose,sugar,102522,0.76773,0.76193,0.75400,0.74523,0.73663,0.72812,0.71948,0.70902,0.70108,0.69306,0.68507,0.67679,0.66826,0.65975,0.65126,0.64314,0.63583,0.62996,0.62580,0.62352,0.62199,0.62002,0.61806,0.61566,0.61258,0.60872,0.60532,0.60460,0.60653,0.61024,0.61251,0.61251,0.61110,0.60857,0.60705,0.60493,0.60202,0.59815,0.59418,0.59079,0.58730,0.58221,0.57455,0.56517,0.55627,0.54830,0.54217,0.53658,0.53357,0.53085,0.52678,0.52081,0.51381,0.50569,0.49836,0.49234,0.48783,0.48478,0.48306,0.48179,0.48100,0.48020,0.47992,0.47998,0.48058,0.48179,0.48360,0.48622,0.48800,0.48985,0.49119,0.49254,0.49395,0.49542,0.49810,0.50108,0.50476,0.50958,0.51522,0.52078,0.52626,0.53141,0.53655,0.54151,0.54675,0.55120,0.55531,0.55964,0.56479,0.56982,0.57580,0.58199,0.58879,0.59681,0.60536,0.61455,0.62387,0.63529,0.64711,0.66120,0.67599,0.69283,0.71140,0.73213,0.75441,0.77725,0.79828,0.81840,0.83500,0.85036,0.86615,0.88097,0.89506,0.90790,0.91837,0.92826,0.93397,0.93997,0.94203,0.94083,0.93947,0.93674,0.93367,0.93272,0.93046,0.92869,0.92600,0.92162,0.91774,0.91260,0.90819,0.90299,0.89759,0.89099,0.88405,0.87605,0.86849,0.86003,0.85223,0.84516,0.83728,0.83019,0.82353,0.81783,0.81172,0.80625,0.80193,0.79713,0.79434,0.79129,0.78989,0.78962,0.79061,0.79220,0.79674,0.80256,0.81038,0.82215,0.83960,0.86117,0.88648,0.91440,0.93702,0.94422,0.93373,0.91537,0.90048,0.89423,0.89568,0.89966,0.90550,0.91255,0.91828,0.92436,0.93074,0.93764,0.94736,0.95893,0.97095,0.97562,0.97195,0.96277,0.95404,0.95056,0.95702,0.96992,0.98706,1.00335,1.01605,1.02094,1.01547,1.00418,0.99047,0.97808,0.97345,0.97165,0.97382,0.98194,0.98856,0.99432
glucose,sugar,102547,0.76691,0.76091,0.75298,0.74435,0.73562,0.72697,0.71859,0.70814,0.70005,0.69213,0.68414,0.67593,0.66746,0.65904,0.65040,0.64238,0.63515,0.62903,0.62499,0.62269,0.62139,0.61943,0.61735,0.61488,0.61196,0.60816,0.60488,0.60395,0.60618,0.60962,0.61226,0.61211,0.61053,0.60837,0.60671,0.60490,0.60170,0.59796,0.59379,0.59036,0.58679,0.58210,0.57472,0.56506,0.55621,0.54842,0.54215,0.53690,0.53395,0.53096,0.52706,0.52106,0.51385,0.50589,0.49876,0.49275,0.48841,0.48510,0.48321,0.48203,0.48086,0.48029,0.48000,0.48010,0.48083,0.48207,0.48385,0.48631,0.48826,0.49011,0.49126,0.49291,0.49443,0.49558,0.49828,0.50172,0.50544,0.51028,0.51566,0.52097,0.52634,0.53152,0.53721,0.54218,0.54707,0.55155,0.55536,0.56040,0.56502,0.57042,0.57592,0.58239,0.58939,0.59711,0.60582,0.61501,0.62480,0.63569,0.64756,0.66147,0.67657,0.69324,0.71191,0.73300,0.75541,0.77777,0.79968,0.81894,0.83586,0.85105,0.86642,0.88101,0.89593,0.90856,0.91939,0.92787,0.93515,0.94072,0.94247,0.94133,0.93938,0.93687,0.93452,0.93251,0.93084,0.92854,0.92613,0.92177,0.91774,0.91279,0.90835,0.90321,0.89788,0.89121,0.88410,0.87593,0.86801,0.86014,0.85230,0.84488,0.83744,0.83020,0.82402,0.81808,0.81197,0.80680,0.80228,0.79742,0.79494,0.79242,0.79077,0.78981,0.79061,0.79292,0.79713,0.80309,0.81051,0.82293,0.83977,0.86153,0.88672,0.91458,0.93702,0.94529,0.93365,0.91560,0.90124,0.89427,0.89603,0.89980,0.90555,0.91293,0.91852,0.92466,0.93135,0.93849,0.94809,0.95893,0.97088,0.97558,0.97170,0.96295,0.95487,0.95164,0.95721,0.96945,0.98750,1.00390,1.01560,1.02104,1.01614,1.00386,0.99059,0.97933,0.97343,0.97159,0.97428,0.98118,0.98955,0.99474
glucose,sugar,102601,0.76593,0.75984,0.75182,0.74308,0.73440,0.72593,0.71736,0.70679,0.69893,0.69091,0.68289,0.67474,0.66624,0.65767,0.64901,0.64124,0.63395,0.62791,0.62386,0.62170,0.62028,0.61854,0.61654,0.61412,0.61125,0.60747,0.60430,0.60339,0.60550,0.60919,0.61163,0.61177,0.61005,0.60803,0.60648,0.60444,0.60150,0.59772,0.59366,0.59026,0.58688,0.58180,0.57406,0.56524,0.55633,0.54830,0.54221,0.53676,0.53385,0.53117,0.52698,0.52137,0.51405,0.50620,0.49881,0.49277,0.48849,0.48529,0.48338,0.48224,0.48139,0.48073,0.48037,0.48065,0.48113,0.48223,0.48421,0.48666,0.48885,0.49013,0.49198,0.49300,0.49480,0.49643,0.49875,0.50239,0.50550,0.51081,0.51611,0.52143,0.52704,0.53232,0.53767,0.54223,0.54743,0.55187,0.55595,0.56095,0.56553,0.57061,0.57677,0.58294,0.58992,0.59749,0.60635,0.61578,0.62522,0.63694,0.64868,0.66273,0.67739,0.69478,0.71324,0.73373,0.75650,0.77954,0.80057,0.82025,0.83700,0.85262,0.86775,0.88206,0.89678,0.90936,0.92041,0.92889,0.93626,0.94101,0.94302,0.94165,0.93978,0.93773,0.93451,0.93289,0.93111,0.92903,0.92668,0.92206,0.91786,0.91262,0.90847,0.90345,0.89766,0.89108,0.88407,0.87574,0.86833,0.86044,0.85300,0.84537,0.83761,0.83082,0.82396,0.81774,0.81259,0.80724,0.80248,0.79816,0.79517,0.79266,0.79173,0.79038,0.79127,0.79334,0.79776,0.80332,0.81138,0.82311,0.83993,0.86186,0.88727,0.91476,0.93739,0.94559,0.93411,0.91580,0.90135,0.89488,0.89677,0.89993,0.90627,0.91249,0.91878,0.92504,0.93078,0.93830,0.94828,0.95942,0.97130,0.97620,0.97196,0.96385,0.95478,0.95100,0.95802,0.97009,0.98740,1.00342,1.01666,1.02145,1.01543,1.00420,0.99104,0.98006,0.97386,0.97258,0.97479,0.98197,0.98984,0.99519
glucose,sugar,102612,0.76487,0.75889,0.75088,0.74214,0.73331,0.72470,0.71624,0.70571,0.69774,0.68978,0.68178,0.67370,0.66521,0.65655,0.64835,0.64037,0.63308,0.62705,0.62301,0.62092,0.61961,0.61788,0.61583,0.61345,0.61079,0.60678,0.60368,0.60276,0.60509,0.60858,0.61126,0.61142,0.60987,0.60773,0.60609,0.60435,0.60124,0.59770,0.59353,0.59026,0.58675,0.58191,0.57438,0.56508,0.55632,0.54868,0.54244,0.53685,0.53385,0.53141,0.52718,0.52152,0.51427,0.50639,0.49927,0.49292,0.48875,0.48572,0.48380,0.48269,0.48151,0.48101,0.48050,0.48037,0.48127,0.48306,0.48461,0.48741,0.48871,0.49096,0.49230,0.49367,0.49507,0.49674,0.49912,0.50260,0.50692,0.51094,0.51634,0.52225,0.52762,0.53335,0.53811,0.54269,0.54810,0.55239,0.55620,0.56145,0.56618,0.57155,0.57760,0.58374,0.59031,0.59838,0.60687,0.61579,0.62621,0.63686,0.64955,0.66328,0.67826,0.69548,0.71382,0.73486,0.75761,0.77972,0.80123,0.82073,0.83733,0.85270,0.86841,0.88332,0.89752,0.91070,0.92068,0.92969,0.93656,0.94169,0.94299,0.94185,0.94029,0.93752,0.93490,0.93379,0.93165,0.92903,0.92653,0.92268,0.91800,0.91267,0.90808,0.90288,0.89742,0.89068,0.88338,0.87553,0.86819,0.86032,0.85244,0.84610,0.83769,0.83055,0.82432,0.81850,0.81258,0.80786,0.80302,0.79847,0.79616,0.79305,0.79186,0.79066,0.79189,0.79337,0.79802,0.80416,0.81167,0.82338,0.84075,0.86195,0.88687,0.91550,0.93829,0.94560,0.93420,0.91632,0.90222,0.89499,0.89681,0.90039,0.90638,0.91313,0.91896,0.92486,0.93118,0.93811,0.94875,0.95946,0.97233,0.97711,0.97244,0.96438,0.95549,0.95220,0.95841,0.97066,0.98781,1.00362,1.01604,1.02150,1.01605,1.00492,0.99142,0.97977,0.97407,0.97297,0.97471,0.98217,0.99012,0.99578
glucose,sugar,102623,0.76441,0.75843,0.75041,0.74138,0.73267,0.72416,0.71566,0.70528,0.69726,0.68926,0.68115,0.67318,0.66481,0.65618,0.64762,0.63978,0.63242,0.62642,0.62252,0.62031,0.61909,0.61740,0.61533,0.61311,0.61038,0.60659,0.60336,0.60259,0.60469,0.60830,0.61097,0.61114,0.60962,0.60750,0.60605,0.60407,0.60128,0.59747,0.59355,0.59012,0.58671,0.58174,0.57438,0.56485,0.55650,0.54860,0.54228,0.53681,0.53380,0.53115,0.52707,0.52149,0.51441,0.50647,0.49917,0.49327,0.48870,0.48551,0.48380,0.48292,0.48156,0.48098,0.48074,0.48074,0.48169,0.48315,0.48521,0.48711,0.48888,0.49092,0.49233,0.49381,0.49514,0.49707,0.49907,0.50267,0.50628,0.51126,0.51657,0.52237,0.52817,0.53340,0.53824,0.54355,0.54851,0.55297,0.55664,0.56142,0.56651,0.57172,0.57757,0.58389,0.59066,0.59854,0.60706,0.61667,0.62637,0.63735,0.64950,0.66358,0.67853,0.69579,0.71474,0.73528,0.75776,0.78042,0.80183,0.82174,0.83805,0.85368,0.86907,0.88338,0.89779,0.91071,0.92119,0.92999,0.93675,0.94132,0.94326,0.94194,0.94037,0.93672,0.93428,0.93287,0.93120,0.92891,0.92641,0.92224,0.91794,0.91318,0.90773,0.90309,0.89714,0.89108,0.88370,0.87574,0.86805,0.86009,0.85292,0.84537,0.83787,0.83086,0.82434,0.81880,0.81295,0.80753,0.80326,0.79852,0.79607,0.79339,0.79213,0.79111,0.79209,0.79374,0.79829,0.80429,0.81193,0.82407,0.84083,0.86216,0.88721,0.91509,0.93798,0.94560,0.93413,0.91666,0.90202,0.89541,0.89687,0.90017,0.90686,0.91293,0.91883,0.92455,0.93132,0.93844,0.94848,0.95983,0.97118,0.97662,0.97305,0.96423,0.95510,0.95224,0.95809,0.97099,0.98779,1.00333,1.01605,1.02115,1.01545,1.00378,0.99113,0.98014,0.97443,0.97196,0.97420,0.98177,0.98980,0.99489
lactose,sugar,102854,0.46684,0.46374,0.45986,0.45551,0.45100,0.44638,0.44179,0.43639,0.43247,0.42890,0.42550,0.42243,0.41937,0.41654,0.41414,0.41222,0.41081,0.41078,0.41188,0.41370,0.41484,0.41362,0.41079,0.40807,0.40748,0.40839,0.41010,0.41171,0.41288,0.41332,0.41387,0.41531,0.41725,0.41862,0.41934,0.41882,0.41682,0.41403,0.41073,0.40811,0.40597,0.40435,0.40299,0.40043,0.39754,0.39401,0.39070,0.38743,0.38514,0.38299,0.37973,0.37579,0.37094,0.36605,0.36101,0.35628,0.35192,0.34775,0.34460,0.34180,0.33991,0.33893,0.33803,0.33822,0.33954,0.34270,0.34677,0.35264,0.36063,0.37074,0.38334,0.39845,0.41389,0.42537,0.43167,0.43117,0.42222,0.41043,0.39855,0.38911,0.38230,0.37825,0.37647,0.37711,0.37849,0.38054,0.38271,0.38427,0.38555,0.38568,0.38533,0.38459,0.38372,0.38326,0.38277,0.38280,0.38313,0.38478,0.38748,0.39153,0.39648,0.40319,0.41122,0.42101,0.43289,0.44581,0.45874,0.47102,0.48233,0.49287,0.50252,0.51118,0.51769,0.52142,0.52156,0.51917,0.51634,0.51434,0.51258,0.51100,0.50993,0.50858,0.50747,0.50619,0.50457,0.50226,0.49967,0.49562,0.49297,0.49056,0.48940,0.48809,0.48678,0.48533,0.48326,0.48089,0.47819,0.47484,0.47109,0.46736,0.46340,0.45984,0.45634,0.45286,0.44969,0.44700,0.44530,0.44420,0.44423,0.44437,0.44551,0.44737,0.45141,0.45991,0.47514,0.49389,0.50822,0.51400,0.51418,0.51612,0.52318,0.53433,0.54439,0.55157,0.55475,0.55779,0.56098,0.56425,0.56647,0.56948,0.57674,0.58677,0.59769,0.60631,0.61164,0.61359,0.61421,0.61265,0.61208,0.61387,0.61828,0.62626,0.63346,0.63857,0.64345,0.64648,0.64927,0.64944,0.64928,0.64924,0.64652,0.64133,0.63629,0.63372,0.63334,0.63361,0.63368,0.63543,0.63812,0.64060
lactose,sugar,102907,0.46606,0.46296,0.45904,0.45470,0.45026,0.44561,0.44108,0.43564,0.43172,0.42823,0.42493,0.42177,0.41868,0.41587,0.41352,0.41155,0.41026,0.41016,0.41146,0.41320,0.41433,0.41303,0.41030,0.40754,0.40697,0.40786,0.40967,0.41120,0.41249,0.41295,0.41353,0.41499,0.41687,0.41821,0.41906,0.41852,0.41654,0.41383,0.41054,0.40785,0.40577,0.40421,0.40263,0.40030,0.39740,0.39395,0.39064,0.38727,0.38516,0.38275,0.37967,0.37572,0.37086,0.36602,0.36106,0.35647,0.35195,0.34796,0.34457,0.34176,0.34001,0.33903,0.33797,0.33856,0.34001,0.34317,0.34700,0.35294,0.36044,0.37136,0.38383,0.39847,0.41370,0.42520,0.43171,0.43094,0.42239,0.41051,0.39880,0.38930,0.38246,0.37855,0.37684,0.37718,0.37889,0.38076,0.38255,0.38429,0.38550,0.38565,0.38536,0.38475,0.38381,0.38338,0.38272,0.38305,0.38323,0.38482,0.38776,0.39180,0.39696,0.40363,0.41166,0.42160,0.43352,0.44629,0.45921,0.47156,0.48269,0.49318,0.50298,0.51147,0.51812,0.52153,0.52155,0.51944,0.51669,0.51453,0.51286,0.51161,0.51021,0.50881,0.50745,0.50615,0.50476,0.50231,0.49945,0.49560,0.49266,0.49066,0.48929,0.48808,0.48671,0.48531,0.48335,0.48098,0.47825,0.47494,0.47124,0.46761,0.46373,0.46012,0.45661,0.45320,0.45005,0.44732,0.44559,0.44469,0.44450,0.44497,0.44605,0.44760,0.45180,0.46036,0.47544,0.49413,0.50856,0.51425,0.51443,0.51632,0.52372,0.53452,0.54481,0.55173,0.55517,0.55801,0.56104,0.56428,0.56667,0.56947,0.57641,0.58665,0.59749,0.60630,0.61179,0.61414,0.61406,0.61256,0.61218,0.61380,0.61833,0.62622,0.63340,0.63871,0.64340,0.64679,0.64996,0.64925,0.64946,0.64956,0.64647,0.64219,0.63685,0.63426,0.63361,0.63434,0.63411,0.63577,0.63826,0.64094
lactose,sugar,102919,0.46576,0.46263,0.45872,0.45441,0.44973,0.44522,0.44069,0.43526,0.43146,0.42790,0.42459,0.42143,0.41853,0.41563,0.41324,0.41135,0.40997,0.40997,0.41106,0.41301,0.41408,0.41281,0.41004,0.40739,0.40676,0.40760,0.40961,0.41103,0.41226,0.41283,0.41345,0.41481,0.41663,0.41824,0.41872,0.41833,0.41639,0.41370,0.41047,0.40770,0.40575,0.40429,0.40262,0.40031,0.39748,0.39401,0.39072,0.38764,0.38504,0.38288,0.37981,0.37563,0.37084,0.36599,0.36098,0.35644,0.35200,0.34788,0.34473,0.34193,0.34006,0.33888,0.33825,0.33897,0.33997,0.34323,0.34720,0.35320,0.36115,0.37114,0.38398,0.39848,0.41396,0.42538,0.43191,0.43084,0.42241,0.41109,0.39925,0.38939,0.38238,0.37876,0.37726,0.37753,0.37892,0.38071,0.38284,0.38445,0.38554,0.38583,0.38547,0.38463,0.38395,0.38340,0.38295,0.38301,0.38331,0.38518,0.38794,0.39188,0.39704,0.40370,0.41167,0.42184,0.43386,0.44647,0.45945,0.47177,0.48297,0.49333,0.50306,0.51169,0.51830,0.52171,0.52178,0.51962,0.51675,0.51482,0.51304,0.51164,0.51031,0.50896,0.50761,0.50641,0.50466,0.50195,0.49942,0.49547,0.49288,0.49074,0.48910,0.48825,0.48680,0.48539,0.48341,0.48102,0.47850,0.47514,0.47141,0.46773,0.46373,0.46045,0.45666,0.45334,0.44998,0.44753,0.44612,0.44490,0.44502,0.44511,0.44627,0.44797,0.45199,0.46056,0.47560,0.49415,0.50873,0.51423,0.51451,0.51682,0.52385,0.53454,0.54482,0.55164,0.55503,0.55806,0.56124,0.56422,0.56682,0.56967,0.57663,0.58656,0.59761,0.60677,0.61173,0.61411,0.61430,0.61253,0.61253,0.61371,0.61853,0.62616,0.63369,0.63861,0.64344,0.64682,0.64949,0.64979,0.65005,0.65004,0.64724,0.64284,0.63713,0.63458,0.63434,0.63442,0.63451,0.63568,0.63817,0.64065
lactose,sugar,102931,0.46553,0.46242,0.45843,0.45411,0.44951,0.44497,0.44049,0.43507,0.43124,0.42770,0.42437,0.42123,0.41828,0.41550,0.41311,0.41117,0.40985,0.40978,0.41099,0.41278,0.41392,0.41272,0.40994,0.40718,0.40662,0.40755,0.40934,0.41096,0.41216,0.41269,0.41344,0.41474,0.41663,0.41796,0.41884,0.41815,0.41645,0.41366,0.41045,0.40777,0.40577,0.40424,0.40253,0.40030,0.39728,0.39400,0.39081,0.38745,0.38525,0.38290,0.37987,0.37577,0.37084,0.36611,0.36139,0.35641,0.35227,0.34772,0.34470,0.34195,0.33998,0.33890,0.33823,0.33866,0.34032,0.34315,0.34745,0.35353,0.36112,0.37136,0.38388,0.39876,0.41397,0.42548,0.43139,0.43092,0.42250,0.41136,0.39947,0.38944,0.38275,0.37887,0.37729,0.37742,0.37896,0.38111,0.38298,0.38454,0.38557,0.38568,0.38551,0.38468,0.38396,0.38348,0.38323,0.38346,0.38361,0.38552,0.38798,0.39210,0.39707,0.40403,0.41214,0.42210,0.43394,0.44681,0.45975,0.47204,0.48339,0.49357,0.50329,0.51197,0.51831,0.52185,0.52178,0.51973,0.51696,0.51462,0.51288,0.51158,0.51028,0.50915,0.50732,0.50624,0.50475,0.50222,0.49957,0.49536,0.49268,0.49068,0.48916,0.48816,0.48674,0.48533,0.48343,0.48108,0.47865,0.47523,0.47159,0.46795,0.46395,0.46037,0.45691,0.45344,0.45032,0.44768,0.44616,0.44504,0.44508,0.44521,0.44641,0.44837,0.45230,0.46073,0.47575,0.49425,0.50871,0.51422,0.51482,0.51682,0.52376,0.53481,0.54523,0.55208,0.55534,0.55806,0.56121,0.56449,0.56662,0.56979,0.57657,0.58667,0.59769,0.60666,0.61174,0.61396,0.61441,0.61274,0.61234,0.61389,0.61834,0.62629,0.63352,0.63866,0.64373,0.64707,0.64962,0.64990,0.65023,0.64961,0.64695,0.64258,0.63706,0.63463,0.63389,0.63444,0.63460,0.63619,0.63844,0.64087
lactose,sugar,102943,0.46541,0.46234,0.45831,0.45399,0.44947,0.44479,0.44032,0.43494,0.43113,0.42755,0.42429,0.42110,0.41812,0.41536,0.41296,0.41098,0.40964,0.40961,0.41081,0.41276,0.41378,0.41256,0.40982,0.40715,0.40647,0.40758,0.40930,0.41089,0.41210,0.41265,0.41337,0.41462,0.41660,0.41793,0.41888,0.41825,0.41646,0.41371,0.41040,0.40782,0.40576,0.40413,0.40251,0.40039,0.39745,0.39410,0.39070,0.38765,0.38514,0.38286,0.37967,0.37570,0.37100,0.36626,0.36121,0.35646,0.35220,0.34798,0.34483,0.34218,0.34009,0.33911,0.33818,0.33898,0.34013,0.34314,0.34776,0.35357,0.36143,0.37146,0.38441,0.39892,0.41425,0.42544,0.43167,0.43100,0.42256,0.41148,0.39920,0.38986,0.38281,0.37863,0.37746,0.37759,0.37919,0.38107,0.38298,0.38464,0.38554,0.38597,0.38554,0.38488,0.38412,0.38352,0.38328,0.38307,0.38357,0.38553,0.38820,0.39227,0.39754,0.40397,0.41213,0.42229,0.43421,0.44701,0.45982,0.47207,0.48318,0.49379,0.50332,0.51227,0.51829,0.52163,0.52191,0.51984,0.51703,0.51476,0.51329,0.51183,0.51068,0.50920,0.50789,0.50633,0.50466,0.50206,0.49932,0.49531,0.49298,0.49069,0.48929,0.48835,0.48675,0.48535,0.48336,0.48131,0.47864,0.47529,0.47167,0.46804,0.46417,0.46057,0.45690,0.45329,0.45021,0.44780,0.44620,0.44510,0.44540,0.44554,0.44652,0.44836,0.45237,0.46100,0.47577,0.49418,0.50901,0.51459,0.51498,0.51710,0.52382,0.53503,0.54521,0.55204,0.55543,0.55805,0.56133,0.56465,0.56689,0.56981,0.57676,0.58659,0.59781,0.60664,0.61189,0.61391,0.61440,0.61279,0.61234,0.61391,0.61909,0.62634,0.63361,0.63906,0.64367,0.64687,0.64993,0.64985,0.64982,0.65008,0.64745,0.64279,0.63724,0.63472,0.63457,0.63472,0.63472,0.63610,0.63868,0.64093
maltose,sugar,103139,0.39712,0.39245,0.38782,0.38290,0.37757,0.37229,0.36744,0.36165,0.35716,0.35255,0.34789,0.34369,0.33997,0.33638,0.33314,0.33046,0.32914,0.33004,0.33177,0.33220,0.33026,0.32696,0.32386,0.32215,0.32226,0.32388,0.32500,0.32362,0.32106,0.31943,0.31921,0.31835,0.31670,0.31536,0.31593,0.31826,0.32119,0.32306,0.32217,0.31944,0.31639,0.31485,0.31465,0.31488,0.31390,0.31146,0.30798,0.30383,0.30149,0.29955,0.29767,0.29579,0.29374,0.29193,0.29012,0.28862,0.28717,0.28590,0.28568,0.28546,0.28606,0.28730,0.28829,0.29074,0.29352,0.29768,0.30160,0.30632,0.31079,0.31643,0.32257,0.32933,0.33768,0.34543,0.35429,0.36469,0.37376,0.38300,0.39068,0.39652,0.39955,0.40113,0.40105,0.40056,0.40004,0.39916,0.39851,0.39639,0.39609,0.39509,0.39466,0.39389,0.39344,0.39407,0.39510,0.39684,0.39905,0.40288,0.40715,0.41347,0.42015,0.42845,0.43794,0.44950,0.46306,0.47762,0.49383,0.51148,0.52973,0.54750,0.56463,0.57813,0.58667,0.58920,0.58678,0.58190,0.57580,0.56969,0.56354,0.55764,0.55317,0.54931,0.54632,0.54436,0.54308,0.54112,0.53941,0.53623,0.53285,0.52813,0.52301,0.51749,0.51103,0.50570,0.50046,0.49565,0.49171,0.48759,0.48391,0.48120,0.47841,0.47701,0.47628,0.47598,0.47622,0.47706,0.47883,0.48039,0.48293,0.48454,0.48740,0.48940,0.49199,0.49509,0.50074,0.51136,0.52735,0.54587,0.55802,0.55876,0.55352,0.55150,0.55445,0.56081,0.56418,0.56508,0.56540,0.56848,0.57297,0.57533,0.57756,0.58034,0.58692,0.59500,0.60177,0.60543,0.60861,0.61189,0.61722,0.62290,0.62888,0.63635,0.64362,0.65079,0.65550,0.65529,0.65402,0.64883,0.64361,0.63862,0.63433,0.63311,0.63289,0.63389,0.63497,0.63405,0.63066,0.62789,0.62679,0.62720
maltose,sugar,103153,0.39641,0.39175,0.38711,0.38219,0.37687,0.37163,0.36680,0.36103,0.35656,0.35189,0.34737,0.34314,0.33944,0.33594,0.33270,0.33000,0.32874,0.32957,0.33149,0.33188,0.32989,0.32677,0.32364,0.32189,0.32205,0.32368,0.32483,0.32354,0.32087,0.31947,0.31924,0.31842,0.31683,0.31543,0.31590,0.31829,0.32120,0.32307,0.32222,0.31956,0.31640,0.31490,0.31510,0.31502,0.31415,0.31161,0.30812,0.30405,0.30164,0.29981,0.29783,0.29602,0.29413,0.29238,0.29027,0.28860,0.28743,0.28605,0.28569,0.28560,0.28647,0.28729,0.28879,0.29120,0.29395,0.29803,0.30228,0.30666,0.31109,0.31685,0.32280,0.32985,0.33813,0.34604,0.35499,0.36530,0.37392,0.38340,0.39122,0.39668,0.39958,0.40120,0.40115,0.40055,0.40002,0.39889,0.39838,0.39668,0.39591,0.39476,0.39398,0.39379,0.39333,0.39424,0.39521,0.39691,0.39907,0.40281,0.40757,0.41314,0.42030,0.42855,0.43798,0.45005,0.46352,0.47840,0.49440,0.51198,0.52979,0.54830,0.56519,0.57842,0.58683,0.58894,0.58649,0.58184,0.57574,0.56967,0.56331,0.55745,0.55315,0.54913,0.54625,0.54434,0.54286,0.54088,0.53912,0.53602,0.53252,0.52771,0.52276,0.51723,0.51105,0.50557,0.50013,0.49566,0.49173,0.48749,0.48422,0.48122,0.47881,0.47743,0.47679,0.47686,0.47675,0.47786,0.47950,0.48091,0.48346,0.48538,0.48788,0.48994,0.49231,0.49552,0.50087,0.51136,0.52776,0.54620,0.55826,0.55903,0.55388,0.55146,0.55464,0.56093,0.56452,0.56511,0.56545,0.56866,0.57304,0.57552,0.57767,0.58065,0.58699,0.59529,0.60225,0.60599,0.60888,0.61182,0.61775,0.62308,0.62857,0.63638,0.64381,0.65057,0.65547,0.65606,0.65392,0.64907,0.64384,0.63889,0.63433,0.63323,0.63323,0.63427,0.63514,0.63459,0.63141,0.62832,0.62654,0.62757
maltose,sugar,103206,0.39621,0.39155,0.38681,0.38186,0.37658,0.37132,0.36650,0.36077,0.35633,0.35169,0.34707,0.34288,0.33917,0.33573,0.33244,0.32979,0.32852,0.32936,0.33132,0.33180,0.32984,0.32660,0.32344,0.32179,0.32193,0.32363,0.32475,0.32346,0.32092,0.31937,0.31924,0.31839,0.31684,0.31545,0.31596,0.31827,0.32120,0.32309,0.32230,0.31975,0.31655,0.31497,0.31505,0.31515,0.31423,0.31160,0.30812,0.30411,0.30172,0.30006,0.29808,0.29599,0.29406,0.29229,0.29031,0.28863,0.28745,0.28644,0.28575,0.28586,0.28675,0.28756,0.28886,0.29111,0.29433,0.29824,0.30201,0.30680,0.31181,0.31714,0.32329,0.33024,0.33828,0.34614,0.35538,0.36571,0.37448,0.38390,0.39126,0.39655,0.39974,0.40089,0.40143,0.40042,0.39982,0.39916,0.39830,0.39654,0.39582,0.39488,0.39402,0.39368,0.39333,0.39416,0.39513,0.39692,0.39903,0.40263,0.40739,0.41359,0.42032,0.42908,0.43848,0.45007,0.46374,0.47873,0.49518,0.51249,0.53051,0.54826,0.56512,0.57838,0.58681,0.58908,0.58664,0.58135,0.57552,0.56958,0.56343,0.55764,0.55307,0.54912,0.54611,0.54450,0.54277,0.54106,0.53915,0.53608,0.53272,0.52789,0.52269,0.51680,0.51070,0.50530,0.50014,0.49567,0.49163,0.48772,0.48437,0.48153,0.47892,0.47752,0.47698,0.47680,0.47724,0.47792,0.47967,0.48115,0.48369,0.48543,0.48816,0.49001,0.49259,0.49565,0.50126,0.51152,0.52780,0.54661,0.55804,0.55891,0.55388,0.55147,0.55467,0.56082,0.56436,0.56511,0.56555,0.56870,0.57302,0.57548,0.57771,0.58093,0.58681,0.59527,0.60225,0.60568,0.60863,0.61181,0.61765,0.62297,0.62848,0.63610,0.64382,0.65060,0.65594,0.65614,0.65429,0.64925,0.64387,0.63892,0.63448,0.63317,0.63305,0.63388,0.63543,0.63451,0.63102,0.62820,0.62703,0.62775
maltose,sugar,103219,0.39599,0.39132,0.38655,0.38166,0.37639,0.37115,0.36633,0.36056,0.35608,0.35145,0.34695,0.34274,0.33902,0.33560,0.33234,0.32965,0.32839,0.32921,0.33121,0.33172,0.32976,0.32645,0.32338,0.32169,0.32193,0.32365,0.32467,0.32339,0.32098,0.31938,0.31919,0.31840,0.31681,0.31547,0.31586,0.31840,0.32134,0.32321,0.32244,0.31977,0.31667,0.31518,0.31514,0.31519,0.31418,0.31175,0.30819,0.30429,0.30188,0.29999,0.29798,0.29642,0.29428,0.29259,0.29059,0.28885,0.28760,0.28631,0.28602,0.28587,0.28661,0.28779,0.28920,0.29143,0.29433,0.29838,0.30230,0.30708,0.31188,0.31707,0.32306,0.33035,0.33817,0.34631,0.35565,0.36572,0.37455,0.38385,0.39166,0.39722,0.39994,0.40084,0.40119,0.40062,0.40005,0.39907,0.39826,0.39677,0.39591,0.39500,0.39407,0.39342,0.39349,0.39402,0.39512,0.39648,0.39910,0.40288,0.40754,0.41360,0.42052,0.42910,0.43868,0.45048,0.46399,0.47897,0.49532,0.51282,0.53057,0.54847,0.56525,0.57881,0.58692,0.58894,0.58638,0.58118,0.57528,0.56948,0.56354,0.55741,0.55297,0.54933,0.54632,0.54449,0.54285,0.54100,0.53938,0.53580,0.53244,0.52771,0.52242,0.51699,0.51108,0.50534,0.50010,0.49581,0.49186,0.48766,0.48461,0.48150,0.47916,0.47774,0.47720,0.47682,0.47724,0.47835,0.47991,0.48125,0.48396,0.48589,0.48805,0.49038,0.49284,0.49585,0.50128,0.51199,0.52800,0.54631,0.55832,0.55910,0.55372,0.55170,0.55477,0.56086,0.56440,0.56532,0.56559,0.56895,0.57285,0.57561,0.57786,0.58083,0.58736,0.59557,0.60233,0.60557,0.60876,0.61215,0.61744,0.62292,0.62871,0.63657,0.64375,0.65066,0.65575,0.65627,0.65438,0.64945,0.64434,0.63948,0.63483,0.63372,0.63316,0.63387,0.63592,0.63494,0.63183,0.62851,0.62731,0.62783
maltose,sugar,103231,0.39581,0.39115,0.38649,0.38148,0.37624,0.37104,0.36612,0.36041,0.35600,0.35133,0.34683,0.34263,0.33890,0.33550,0.33225,0.32954,0.32826,0.32922,0.33114,0.33165,0.32972,0.32647,0.32346,0.32172,0.32185,0.32353,0.32464,0.32341,0.32089,0.31934,0.31921,0.31840,0.31687,0.31551,0.31596,0.31840,0.32141,0.32330,0.32249,0.31968,0.31658,0.31511,0.31520,0.31526,0.31428,0.31181,0.30824,0.30429,0.30200,0.30018,0.29827,0.29622,0.29428,0.29267,0.29058,0.28898,0.28781,0.28679,0.28606,0.28624,0.28662,0.28795,0.28938,0.29159,0.29428,0.29845,0.30246,0.30731,0.31202,0.31748,0.32333,0.33061,0.33874,0.34673,0.35614,0.36585,0.37508,0.38428,0.39186,0.39727,0.39971,0.40105,0.40116,0.40051,0.40022,0.39894,0.39830,0.39659,0.39588,0.39492,0.39388,0.39379,0.39343,0.39398,0.39498,0.39707,0.39907,0.40282,0.40761,0.41355,0.42061,0.42920,0.43902,0.45045,0.46436,0.47899,0.49537,0.51279,0.53060,0.54885,0.56559,0.57860,0.58679,0.58886,0.58614,0.58125,0.57503,0.56967,0.56339,0.55771,0.55322,0.54946,0.54643,0.54462,0.54279,0.54101,0.53902,0.53591,0.53228,0.52778,0.52256,0.51686,0.51089,0.50524,0.50013,0.49562,0.49169,0.48770,0.48449,0.48170,0.47934,0.47790,0.47724,0.47739,0.47763,0.47839,0.48015,0.48175,0.48417,0.48589,0.48848,0.49050,0.49311,0.49603,0.50154,0.51171,0.52793,0.54619,0.55801,0.55918,0.55386,0.55156,0.55485,0.56102,0.56481,0.56544,0.56581,0.56928,0.57298,0.57569,0.57795,0.58077,0.58739,0.59555,0.60221,0.60582,0.60909,0.61200,0.61742,0.62283,0.62878,0.63630,0.64385,0.65082,0.65566,0.65599,0.65435,0.64911,0.64426,0.63887,0.63518,0.63359,0.63309,0.63455,0.63530,0.63476,0.63179,0.62862,0.62705,0.62779
sucralose,additive,103307,0.62928,0.62130,0.61357,0.60604,0.59873,0.59175,0.58491,0.57639,0.57030,0.56464,0.55988,0.55593,0.55248,0.54962,0.54714,0.54493,0.54278,0.54118,0.54081,0.54047,0.53770,0.53239,0.52644,0.52290,0.52164,0.52214,0.52241,0.52159,0.51953,0.51722,0.51470,0.51160,0.50887,0.50701,0.50647,0.50652,0.50723,0.50734,0.50472,0.50045,0.49461,0.48935,0.48371,0.47893,0.47564,0.47333,0.47156,0.46841,0.46502,0.46040,0.45636,0.45267,0.44957,0.44752,0.44538,0.44367,0.44275,0.44105,0.44074,0.44086,0.44130,0.44264,0.44526,0.44952,0.45547,0.46345,0.47322,0.48545,0.49911,0.51473,0.52885,0.54201,0.55233,0.55922,0.56392,0.56976,0.57491,0.58385,0.59426,0.60619,0.61796,0.63049,0.64180,0.65177,0.65994,0.66648,0.66925,0.67001,0.67030,0.67085,0.67215,0.67453,0.67807,0.68310,0.68932,0.69597,0.70417,0.71334,0.72315,0.73383,0.74382,0.75400,0.76284,0.77197,0.78216,0.79173,0.80010,0.80655,0.80746,0.80637,0.80482,0.80258,0.80089,0.79951,0.79778,0.79615,0.79357,0.79089,0.78820,0.78509,0.78267,0.77938,0.77454,0.76895,0.76245,0.75459,0.74581,0.73385,0.72531,0.71731,0.71182,0.70686,0.70121,0.69585,0.69103,0.68795,0.68549,0.68370,0.68072,0.67790,0.67561,0.67431,0.67298,0.67185,0.67094,0.67028,0.67058,0.67153,0.67368,0.67625,0.68093,0.68852,0.69794,0.71008,0.72409,0.73786,0.74987,0.76265,0.77686,0.78902,0.79505,0.80025,0.80464,0.80856,0.81085,0.81265,0.81674,0.82131,0.82370,0.82368,0.82715,0.83282,0.83976,0.84555,0.85082,0.85281,0.84996,0.83846,0.82676,0.81841,0.81502,0.81549,0.81681,0.81967,0.82510,0.83361,0.84569,0.85930,0.87299,0.88085,0.88350,0.88463,0.88622,0.88596,0.88415,0.87949,0.87688,0.87568,0.87786,0.88039
sucralose,additive,103322,0.62805,0.62025,0.61247,0.60493,0.59779,0.59073,0.58381,0.57551,0.56933,0.56373,0.55913,0.55515,0.55179,0.54891,0.54629,0.54419,0.54202,0.54061,0.54042,0.53991,0.53726,0.53201,0.52609,0.52245,0.52139,0.52189,0.52253,0.52148,0.51943,0.51719,0.51479,0.51166,0.50890,0.50717,0.50643,0.50683,0.50741,0.50736,0.50491,0.50074,0.49507,0.48931,0.48413,0.47944,0.47601,0.47370,0.47184,0.46893,0.46538,0.46124,0.45687,0.45307,0.45001,0.44801,0.44583,0.44403,0.44326,0.44196,0.44149,0.44131,0.44179,0.44365,0.44607,0.45004,0.45580,0.46375,0.47376,0.48639,0.50021,0.51533,0.53003,0.54276,0.55306,0.55942,0.56437,0.57047,0.57628,0.58518,0.59569,0.60710,0.61904,0.63139,0.64295,0.65332,0.66127,0.66747,0.67019,0.67080,0.67129,0.67140,0.67312,0.67482,0.67830,0.68351,0.68911,0.69659,0.70424,0.71338,0.72314,0.73418,0.74456,0.75459,0.76317,0.77223,0.78255,0.79246,0.80039,0.80564,0.80751,0.80679,0.80433,0.80239,0.80133,0.80023,0.79788,0.79624,0.79383,0.79122,0.78867,0.78525,0.78276,0.77916,0.77449,0.76924,0.76251,0.75466,0.74564,0.73353,0.72509,0.71773,0.71193,0.70687,0.70097,0.69550,0.69135,0.68795,0.68592,0.68365,0.68121,0.67831,0.67569,0.67465,0.67324,0.67213,0.67142,0.67080,0.67101,0.67228,0.67455,0.67693,0.68175,0.68880,0.69846,0.71025,0.72459,0.73816,0.75016,0.76296,0.77704,0.78895,0.79567,0.80010,0.80491,0.80942,0.81107,0.81260,0.81677,0.82192,0.82377,0.82488,0.82717,0.83344,0.84021,0.84518,0.85095,0.85308,0.85014,0.83926,0.82733,0.81851,0.81546,0.81638,0.81788,0.82016,0.82557,0.83391,0.84637,0.85996,0.87348,0.88109,0.88348,0.88509,0.88507,0.88498,0.88370,0.87979,0.87667,0.87666,0.87802,0.88071
sucralose,additive,103334,0.62726,0.61954,0.61172,0.60423,0.59711,0.59000,0.58318,0.57489,0.56871,0.56328,0.55859,0.55458,0.55131,0.54838,0.54570,0.54374,0.54173,0.54013,0.53999,0.53958,0.53691,0.53157,0.52591,0.52224,0.52129,0.52171,0.52221,0.52123,0.51936,0.51720,0.51488,0.51161,0.50900,0.50713,0.50661,0.50680,0.50775,0.50760,0.50505,0.50095,0.49528,0.48952,0.48417,0.47954,0.47604,0.47380,0.47201,0.46929,0.46538,0.46130,0.45701,0.45315,0.45020,0.44773,0.44608,0.44436,0.44344,0.44207,0.44155,0.44161,0.44202,0.44371,0.44634,0.45052,0.45616,0.46433,0.47437,0.48684,0.50081,0.51590,0.53018,0.54352,0.55385,0.55984,0.56459,0.57079,0.57679,0.58546,0.59675,0.60778,0.61974,0.63251,0.64431,0.65386,0.66206,0.66744,0.67064,0.67139,0.67120,0.67174,0.67289,0.67520,0.67870,0.68310,0.68968,0.69593,0.70386,0.71351,0.72360,0.73405,0.74431,0.75454,0.76267,0.77261,0.78280,0.79241,0.80029,0.80561,0.80782,0.80676,0.80428,0.80261,0.80038,0.79953,0.79774,0.79607,0.79335,0.79127,0.78889,0.78492,0.78219,0.77918,0.77427,0.76824,0.76173,0.75417,0.74523,0.73371,0.72479,0.71758,0.71200,0.70700,0.70112,0.69569,0.69124,0.68791,0.68573,0.68370,0.68127,0.67862,0.67589,0.67466,0.67368,0.67273,0.67170,0.67149,0.67127,0.67215,0.67514,0.67752,0.68233,0.68912,0.69898,0.71080,0.72445,0.73855,0.75031,0.76295,0.77714,0.78925,0.79577,0.80029,0.80488,0.80912,0.81089,0.81314,0.81657,0.82195,0.82417,0.82487,0.82747,0.83355,0.83955,0.84624,0.85091,0.85365,0.85027,0.83986,0.82818,0.81910,0.81582,0.81641,0.81765,0.82040,0.82600,0.83370,0.84620,0.86001,0.87299,0.88128,0.88330,0.88476,0.88581,0.88591,0.88427,0.88055,0.87719,0.87669,0.87797,0.88151
sucralose,additive,103346,0.62683,0.61910,0.61138,0.60388,0.59657,0.58975,0.58286,0.57449,0.56837,0.56300,0.55830,0.55432,0.55106,0.54798,0.54566,0.54360,0.54145,0.54002,0.53969,0.53938,0.53683,0.53147,0.52579,0.52220,0.52118,0.52162,0.52219,0.52143,0.51938,0.51722,0.51499,0.51173,0.50909,0.50724,0.50657,0.50688,0.50763,0.50748,0.50519,0.50095,0.49542,0.48980,0.48444,0.47959,0.47616,0.47394,0.47236,0.46947,0.46575,0.46170,0.45727,0.45336,0.45035,0.44796,0.44599,0.44451,0.44352,0.44217,0.44200,0.44191,0.44214,0.44409,0.44660,0.45084,0.45663,0.46481,0.47471,0.48713,0.50141,0.51558,0.53042,0.54343,0.55352,0.55991,0.56537,0.57109,0.57749,0.58620,0.59629,0.60822,0.62035,0.63237,0.64418,0.65415,0.66230,0.66812,0.67093,0.67134,0.67207,0.67194,0.67294,0.67506,0.67831,0.68379,0.68980,0.69677,0.70437,0.71343,0.72303,0.73375,0.74351,0.75418,0.76286,0.77273,0.78240,0.79220,0.80033,0.80589,0.80746,0.80606,0.80394,0.80213,0.80005,0.79948,0.79775,0.79560,0.79357,0.79130,0.78820,0.78523,0.78235,0.77896,0.77402,0.76847,0.76182,0.75364,0.74515,0.73356,0.72494,0.71760,0.71181,0.70698,0.70106,0.69591,0.69141,0.68830,0.68612,0.68389,0.68122,0.67859,0.67617,0.67459,0.67377,0.67264,0.67133,0.67143,0.67176,0.67243,0.67528,0.67749,0.68242,0.68904,0.69907,0.71077,0.72481,0.73854,0.75024,0.76329,0.77717,0.78962,0.79599,0.80093,0.80466,0.80976,0.81129,0.81311,0.81650,0.82219,0.82420,0.82502,0.82767,0.83384,0.84002,0.84663,0.85154,0.85367,0.85071,0.84012,0.82801,0.81947,0.81573,0.81666,0.81798,0.82034,0.82591,0.83363,0.84606,0.86002,0.87340,0.88072,0.88320,0.88494,0.88581,0.88551,0.88439,0.88022,0.87678,0.87699,0.87848,0.88058
sucralose,additive,103400,0.62685,0.61899,0.61128,0.60371,0.59655,0.58960,0.58272,0.57446,0.56835,0.56293,0.55826,0.55427,0.55095,0.54805,0.54553,0.54343,0.54150,0.53990,0.53969,0.53924,0.53670,0.53149,0.52579,0.52221,0.52110,0.52175,0.52235,0.52128,0.51947,0.51721,0.51488,0.51176,0.50911,0.50734,0.50672,0.50708,0.50761,0.50766,0.50523,0.50107,0.49559,0.48981,0.48459,0.47990,0.47655,0.47411,0.47233,0.46942,0.46596,0.46145,0.45720,0.45367,0.45047,0.44833,0.44636,0.44452,0.44345,0.44276,0.44191,0.44188,0.44272,0.44395,0.44674,0.45059,0.45685,0.46471,0.47490,0.48713,0.50121,0.51647,0.53066,0.54398,0.55393,0.56022,0.56550,0.57154,0.57788,0.58634,0.59649,0.60824,0.62075,0.63274,0.64449,0.65431,0.66237,0.66834,0.67105,0.67216,0.67165,0.67233,0.67354,0.67572,0.67853,0.68405,0.69000,0.69692,0.70456,0.71409,0.72349,0.73413,0.74384,0.75412,0.76281,0.77241,0.78304,0.79226,0.80055,0.80618,0.80730,0.80654,0.80399,0.80226,0.80076,0.79961,0.79829,0.79599,0.79360,0.79143,0.78835,0.78541,0.78259,0.77889,0.77421,0.76896,0.76189,0.75415,0.74559,0.73358,0.72478,0.71769,0.71199,0.70680,0.70135,0.69579,0.69132,0.68816,0.68633,0.68389,0.68113,0.67897,0.67648,0.67483,0.67355,0.67295,0.67170,0.67131,0.67170,0.67297,0.67512,0.67768,0.68283,0.68989,0.69893,0.71116,0.72492,0.73821,0.75027,0.76315,0.77742,0.78971,0.79603,0.80055,0.80491,0.80992,0.81114,0.81290,0.81658,0.82166,0.82450,0.82526,0.82806,0.83400,0.84033,0.84614,0.85136,0.85356,0.85089,0.83973,0.82834,0.81963,0.81621,0.81723,0.81852,0.82008,0.82587,0.83376,0.84668,0.86024,0.87284,0.88073,0.88350,0.88471,0.88597,0.88552,0.88392,0.88057,0.87689,0.87711,0.87855,0.88072
sucrose,sugar,103017,1.14331,1.12356,1.10303,1.08344,1.06432,1.04583,1.02852,1.00947,0.99638,0.98595,0.97635,0.96731,0.95931,0.95238,0.94823,0.95003,0.96049,0.98026,1.00041,1.00554,0.99263,0.97522,0.96703,0.96950,0.97849,0.99253,1.00587,1.01277,1.01096,1.00554,1.00102,0.99687,0.99416,0.99317,0.99238,0.98725,0.97801,0.96705,0.95832,0.95125,0.94531,0.93916,0.93272,0.92501,0.91703,0.91007,0.90597,0.90150,0.89451,0.88427,0.87120,0.85718,0.84611,0.83758,0.83103,0.82674,0.82375,0.82085,0.81929,0.81773,0.81530,0.81400,0.81235,0.81082,0.81098,0.81174,0.81250,0.81338,0.81282,0.81407,0.81517,0.81652,0.81881,0.81923,0.82097,0.82272,0.82646,0.82905,0.83201,0.83664,0.84063,0.84575,0.85170,0.85722,0.86502,0.87384,0.88575,0.90663,0.92676,0.95444,0.98779,1.02846,1.07020,1.10387,1.12545,1.13776,1.15388,1.17913,1.21349,1.25485,1.30299,1.35016,1.39160,1.42745,1.45819,1.48254,1.50100,1.51537,1.52658,1.53326,1.53479,1.53362,1.53045,1.52882,1.52357,1.51493,1.50075,1.48722,1.47226,1.46396,1.45444,1.44901,1.44310,1.43490,1.43013,1.42542,1.42292,1.42366,1.42059,1.41348,1.40325,1.38864,1.37346,1.35687,1.34373,1.33764,1.33885,1.34196,1.34420,1.33773,1.32416,1.31145,1.29984,1.29125,1.28730,1.28616,1.28936,1.29328,1.29914,1.30534,1.31630,1.33196,1.35740,1.38733,1.42099,1.44718,1.46287,1.46922,1.47381,1.48219,1.49034,1.50005,1.50845,1.50693,1.49890,1.49837,1.49986,1.50740,1.51420,1.52104,1.53248,1.54148,1.55661,1.56480,1.56942,1.56982,1.56766,1.56348,1.55428,1.55260,1.54571,1.54686,1.54133,1.53057,1.51925,1.51240,1.51101,1.51373,1.51976,1.52184,1.51687,1.51692,1.51633,1.50836,1.50914,1.50614,1.50383,1.50677,1.51081,1.51626
sucrose,sugar,103029,1.14076,1.12121,1.10130,1.08148,1.06258,1.04463,1.02721,1.00838,0.99576,0.98485,0.97552,0.96665,0.95825,0.95155,0.94784,0.94903,0.95943,0.97916,0.99961,1.00494,0.99248,0.97521,0.96710,0.96939,0.97880,0.99234,1.00577,1.01230,1.01088,1.00549,1.00130,0.99695,0.99471,0.99399,0.99231,0.98718,0.97809,0.96803,0.95931,0.95177,0.94535,0.93962,0.93326,0.92580,0.91739,0.91024,0.90609,0.90206,0.89494,0.88459,0.87169,0.85911,0.84724,0.83843,0.83205,0.82753,0.82398,0.82180,0.82023,0.81848,0.81587,0.81433,0.81259,0.81227,0.81219,0.81249,0.81350,0.81367,0.81335,0.81474,0.81551,0.81771,0.81899,0.82050,0.82144,0.82377,0.82666,0.82953,0.83266,0.83745,0.84134,0.84614,0.85202,0.85772,0.86542,0.87532,0.88706,0.90713,0.92861,0.95572,0.99024,1.02944,1.07057,1.10605,1.12755,1.14106,1.15709,1.18427,1.21563,1.25914,1.30592,1.35167,1.39368,1.42789,1.46060,1.48359,1.50273,1.51520,1.52649,1.52984,1.53540,1.53533,1.53272,1.52964,1.51995,1.51426,1.50041,1.48895,1.47583,1.46403,1.45564,1.44987,1.44258,1.43553,1.42948,1.42253,1.42357,1.42333,1.42047,1.41496,1.40362,1.38953,1.37167,1.35725,1.34589,1.33995,1.33914,1.34397,1.34399,1.33737,1.32544,1.31228,1.30273,1.29279,1.28898,1.28719,1.29041,1.29339,1.30012,1.30600,1.31705,1.33219,1.35845,1.38984,1.42144,1.44695,1.46292,1.46950,1.47492,1.48266,1.48993,1.50395,1.50773,1.50583,1.50108,1.49828,1.50181,1.50676,1.51465,1.52146,1.53235,1.54475,1.55524,1.56425,1.57084,1.57080,1.56943,1.55922,1.55676,1.55244,1.54986,1.54740,1.53905,1.52955,1.52301,1.51108,1.51223,1.51486,1.52119,1.52163,1.52014,1.51922,1.51391,1.51473,1.51180,1.51013,1.50554,1.50604,1.50994,1.51821
sucrose,sugar,103042,1.13950,1.11982,1.09995,1.08076,1.06210,1.04365,1.02672,1.00770,0.99517,0.98456,0.97494,0.96636,0.95811,0.95100,0.94728,0.94889,0.95901,0.97863,0.99888,1.00466,0.99246,0.97530,0.96713,0.96938,0.97861,0.99224,1.00541,1.01210,1.01076,1.00590,1.00064,0.99738,0.99436,0.99406,0.99302,0.98734,0.97829,0.96800,0.95929,0.95195,0.94595,0.93973,0.93320,0.92569,0.91744,0.91096,0.90687,0.90195,0.89585,0.88443,0.87194,0.85926,0.84771,0.83890,0.83221,0.82754,0.82396,0.82229,0.82064,0.81863,0.81662,0.81407,0.81349,0.81260,0.81217,0.81239,0.81442,0.81379,0.81416,0.81584,0.81648,0.81691,0.81927,0.82022,0.82145,0.82453,0.82666,0.82908,0.83364,0.83679,0.84188,0.84666,0.85277,0.85900,0.86688,0.87647,0.88809,0.90951,0.92931,0.95666,0.99002,1.03145,1.07326,1.10658,1.12832,1.14159,1.15822,1.18425,1.21863,1.25953,1.30611,1.35551,1.39534,1.43131,1.46117,1.48638,1.50139,1.51796,1.52560,1.53602,1.53373,1.53462,1.53191,1.52788,1.52174,1.51437,1.49897,1.48789,1.47418,1.46261,1.45573,1.44745,1.44220,1.43720,1.42977,1.42458,1.42245,1.42146,1.42049,1.41480,1.40267,1.39050,1.37218,1.35844,1.34512,1.33902,1.34106,1.34347,1.34404,1.33840,1.32653,1.31210,1.30144,1.29392,1.28950,1.28851,1.29062,1.29440,1.29947,1.30626,1.31770,1.33266,1.35584,1.38902,1.42349,1.44741,1.46072,1.46852,1.47452,1.48410,1.49259,1.50400,1.50831,1.50789,1.50090,1.49824,1.49983,1.50640,1.51364,1.52166,1.53115,1.54437,1.55447,1.56397,1.57254,1.56748,1.56745,1.56069,1.55608,1.55220,1.54712,1.54714,1.54271,1.52952,1.51983,1.51030,1.51491,1.51582,1.52081,1.52096,1.51925,1.52075,1.51513,1.51127,1.51192,1.50745,1.50418,1.50635,1.51267,1.51734
sucrose,sugar,103054,1.13842,1.11901,1.09948,1.08030,1.06110,1.04273,1.02610,1.00721,0.99474,0.98397,0.97474,0.96586,0.95755,0.95085,0.94710,0.94842,0.95857,0.97860,0.99872,1.00469,0.99226,0.97519,0.96722,0.96953,0.97865,0.99212,1.00508,1.01200,1.01096,1.00561,1.00146,0.99754,0.99487,0.99442,0.99283,0.98765,0.97821,0.96824,0.95921,0.95208,0.94623,0.94036,0.93343,0.92560,0.91793,0.91077,0.90709,0.90177,0.89589,0.88515,0.87223,0.85891,0.84781,0.83955,0.83239,0.82789,0.82502,0.82208,0.82073,0.81900,0.81682,0.81539,0.81280,0.81248,0.81218,0.81283,0.81382,0.81415,0.81533,0.81598,0.81689,0.81829,0.81923,0.82108,0.82256,0.82497,0.82761,0.82997,0.83358,0.83761,0.84186,0.84826,0.85368,0.85934,0.86688,0.87618,0.88782,0.90825,0.92982,0.95722,0.99111,1.03149,1.07388,1.10731,1.13020,1.14458,1.16092,1.18621,1.22074,1.26292,1.30775,1.35665,1.39738,1.43209,1.46245,1.48515,1.50238,1.51885,1.52608,1.53178,1.53618,1.53362,1.53155,1.52760,1.51996,1.51325,1.50218,1.48677,1.47367,1.46460,1.45398,1.44745,1.44207,1.43537,1.43033,1.42509,1.42319,1.42253,1.41996,1.41434,1.40280,1.38950,1.37343,1.35734,1.34392,1.33821,1.34001,1.34369,1.34478,1.33906,1.32615,1.31365,1.30337,1.29561,1.29010,1.28938,1.29163,1.29390,1.30199,1.30565,1.31837,1.33336,1.35747,1.38822,1.42194,1.44568,1.46311,1.46995,1.47534,1.48571,1.49238,1.50419,1.50983,1.50819,1.50184,1.50134,1.49919,1.50620,1.51432,1.52173,1.53102,1.54284,1.55666,1.56573,1.57014,1.57469,1.56815,1.56117,1.55692,1.55099,1.54987,1.54777,1.54096,1.53019,1.52065,1.51322,1.51235,1.51476,1.52267,1.52347,1.51955,1.51606,1.51153,1.51284,1.51036,1.50715,1.50371,1.50662,1.51363,1.52191
sucrose,sugar,103107,1.13779,1.11859,1.09908,1.07939,1.06098,1.04276,1.02596,1.00703,0.99431,0.98393,0.97450,0.96582,0.95761,0.95061,0.94675,0.94859,0.95834,0.97832,0.99838,1.00439,0.99209,0.97519,0.96711,0.96938,0.97841,0.99233,1.00522,1.01193,1.01094,1.00585,1.00104,0.99745,0.99454,0.99372,0.99267,0.98722,0.97883,0.96825,0.95953,0.95233,0.94606,0.94027,0.93352,0.92605,0.91814,0.91101,0.90638,0.90213,0.89576,0.88473,0.87251,0.85931,0.84788,0.83968,0.83323,0.82802,0.82529,0.82274,0.82041,0.81969,0.81593,0.81480,0.81408,0.81266,0.81308,0.81336,0.81374,0.81458,0.81494,0.81539,0.81704,0.81782,0.81948,0.82037,0.82170,0.82435,0.82714,0.83058,0.83344,0.83768,0.84218,0.84693,0.85301,0.85980,0.86703,0.87597,0.88937,0.90906,0.93052,0.95789,0.99034,1.03075,1.07360,1.10830,1.12975,1.14403,1.15949,1.18579,1.22193,1.26358,1.30660,1.35460,1.39542,1.43054,1.46033,1.48382,1.50181,1.51888,1.52690,1.53338,1.53335,1.53324,1.53011,1.52598,1.52124,1.51210,1.49945,1.48460,1.47384,1.46277,1.45462,1.44832,1.44179,1.43444,1.43136,1.42436,1.42365,1.42072,1.41978,1.41397,1.40285,1.38845,1.37162,1.35761,1.34562,1.33722,1.33980,1.34388,1.34478,1.33826,1.32676,1.31263,1.30287,1.29521,1.29049,1.29048,1.29042,1.29487,1.30026,1.30639,1.31799,1.33321,1.35742,1.38925,1.42019,1.44897,1.45937,1.46882,1.47553,1.48236,1.49231,1.50315,1.50922,1.50720,1.49985,1.49819,1.50295,1.50722,1.51408,1.52294,1.53121,1.54319,1.55636,1.56413,1.57009,1.57131,1.56742,1.56246,1.55761,1.55093,1.54628,1.54341,1.54045,1.53103,1.51899,1.51277,1.51199,1.51510,1.52082,1.52371,1.51956,1.51506,1.51231,1.51075,1.50965,1.50599,1.50979,1.50477,1.50896,1.51935
