wavenumber,intensity
77.3545,0.0000
80.4019,575.0000
83.4475,600.0000
86.4914,585.0000
89.5335,562.0000
92.5738,567.0000
95.6123,558.0000
98.6491,553.0000
101.6840,550.0000
104.7170,553.0000
107.7490,680.0000
110.7790,665.0000
113.8060,518.0000
116.8330,524.0000
119.8570,554.0000
122.8800,556.0000
125.9010,542.0000
128.9200,578.0000
131.9370,577.0000
134.9530,545.0000
137.9670,569.0000
140.9790,547.0000
143.9890,536.0000
146.9980,548.0000
150.0040,598.0000
153.0100,607.0000
156.0130,543.0000
159.0140,533.0000
162.0140,551.0000
165.0120,540.0000
168.0090,529.0000
171.0030,522.0000
173.9960,510.0000
176.9870,517.0000
179.9760,518.0000
182.9640,533.0000
185.9500,559.0000
188.9340,547.0000
191.9160,509.0000
194.8970,504.0000
197.8760,514.0000
200.8530,514.0000
203.8280,518.0000
206.8020,522.0000
209.7740,523.0000
212.7440,534.0000
215.7130,537.0000
218.6790,539.0000
221.6440,524.0000
224.6070,503.0000
227.5690,507.0000
230.5290,503.0000
233.4870,505.0000
236.4430,517.0000
239.3980,516.0000
242.3510,523.0000
245.3020,523.0000
248.2510,526.0000
251.1990,521.0000
254.1450,520.0000
257.0890,537.0000
260.0310,609.0000
262.9720,597.0000
265.9110,513.0000
268.8490,494.0000
271.7840,490.0000
274.7180,499.0000
277.6500,516.0000
280.5810,530.0000
283.5100,530.0000
286.4370,580.0000
289.3620,571.0000
292.2850,510.0000
295.2070,510.0000
298.1280,498.0000
301.0460,506.0000
303.9630,526.0000
306.8780,519.0000
309.7910,532.0000
312.7030,547.0000
315.6130,520.0000
318.5210,509.0000
321.4270,515.0000
324.3320,558.0000
327.2350,568.0000
330.1370,525.0000
333.0360,516.0000
335.9340,512.0000
338.8310,514.0000
341.7250,590.0000
344.6180,590.0000
347.5090,504.0000
350.3990,490.0000
353.2870,504.0000
356.1730,513.0000
359.0570,500.0000
361.9400,503.0000
364.8210,511.0000
367.7000,511.0000
370.5780,531.0000
373.4540,545.0000
376.3280,546.0000
379.2000,528.0000
382.0710,497.0000
384.9410,619.0000
387.8080,638.0000
390.6740,529.0000
393.5380,519.0000
396.4000,511.0000
399.2610,498.0000
402.1200,493.0000
404.9780,506.0000
407.8330,514.0000
410.6870,515.0000
413.5400,529.0000
416.3910,600.0000
419.2400,587.0000
422.0870,504.0000
424.9330,491.0000
427.7760,506.0000
430.6190,510.0000
433.4590,498.0000
436.2980,489.0000
439.1360,599.0000
441.9710,625.0000
444.8050,507.0000
447.6380,510.0000
450.4680,527.0000
453.2970,501.0000
456.1240,495.0000
458.9500,486.0000
461.7740,499.0000
464.5960,525.0000
467.4170,514.0000
470.2360,493.0000
473.0530,494.0000
475.8690,512.0000
478.6830,493.0000
481.4950,515.0000
484.3060,539.0000
487.1150,573.0000
489.9220,573.0000
492.7280,541.0000
495.5320,538.0000
498.3340,555.0000
501.1350,547.0000
503.9340,498.0000
506.7320,495.0000
509.5270,485.0000
512.3210,488.0000
515.1140,500.0000
517.9050,494.0000
520.6940,497.0000
523.4820,501.0000
526.2670,501.0000
529.0520,581.0000
531.8340,564.0000
534.6150,474.0000
537.3950,483.0000
540.1720,482.0000
542.9480,474.0000
545.7230,500.0000
548.4960,503.0000
551.2670,490.0000
554.0360,509.0000
556.8040,505.0000
559.5700,498.0000
562.3350,492.0000
565.0980,474.0000
567.8590,477.0000
570.6190,489.0000
573.3770,491.0000
576.1330,493.0000
578.8880,486.0000
581.6410,491.0000
584.3930,521.0000
587.1430,503.0000
589.8910,464.0000
592.6380,466.0000
595.3830,477.0000
598.1260,494.0000
600.8680,504.0000
603.6080,489.0000
606.3470,477.0000
609.0840,474.0000
611.8190,459.0000
614.5530,462.0000
617.2850,472.0000
620.0150,478.0000
622.7440,489.0000
625.4710,483.0000
628.1970,505.0000
630.9210,508.0000
633.6440,486.0000
636.3640,478.0000
639.0840,473.0000
641.8010,476.0000
644.5170,475.0000
647.2310,498.0000
649.9440,499.0000
652.6550,463.0000
655.3650,466.0000
658.0730,477.0000
660.7790,481.0000
663.4840,497.0000
666.1870,508.0000
668.8880,508.0000
671.5880,510.0000
674.2870,485.0000
676.9830,469.0000
679.6790,480.0000
682.3720,490.0000
685.0640,495.0000
687.7540,478.0000
690.4430,483.0000
693.1300,476.0000
695.8160,465.0000
698.5000,490.0000
701.1820,480.0000
703.8630,474.0000
706.5420,487.0000
709.2200,480.0000
711.8960,467.0000
714.5700,453.0000
717.2430,469.0000
719.9140,481.0000
722.5840,480.0000
725.2520,470.0000
727.9190,468.0000
730.5840,473.0000
733.2470,466.0000
735.9090,482.0000
738.5690,489.0000
741.2270,483.0000
743.8840,450.0000
746.5400,448.0000
749.1940,476.0000
751.8460,477.0000
754.4970,477.0000
757.1460,481.0000
759.7940,467.0000
762.4400,446.0000
765.0840,468.0000
767.7270,489.0000
770.3680,480.0000
773.0080,467.0000
775.6460,448.0000
778.2830,440.0000
780.9180,457.0000
783.5510,460.0000
786.1830,441.0000
788.8130,448.0000
791.4420,454.0000
794.0690,456.0000
796.6950,461.0000
799.3190,451.0000
801.9420,514.0000
804.5630,510.0000
807.1820,445.0000
809.8000,450.0000
812.4160,454.0000
815.0310,443.0000
817.6440,443.0000
820.2560,456.0000
822.8660,463.0000
825.4750,452.0000
828.0820,452.0000
830.6870,442.0000
833.2910,426.0000
835.8930,450.0000
838.4940,458.0000
841.0930,465.0000
843.6910,457.0000
846.2870,433.0000
848.8820,452.0000
851.4750,465.0000
854.0660,456.0000
856.6560,455.0000
859.2450,455.0000
861.8320,461.0000
864.4170,457.0000
867.0010,458.0000
869.5830,457.0000
872.1640,450.0000
874.7430,449.0000
877.3210,448.0000
879.8970,461.0000
882.4720,462.0000
885.0450,458.0000
887.6160,453.0000
890.1870,446.0000
892.7550,444.0000
895.3220,453.0000
897.8870,504.0000
900.4510,498.0000
903.0140,452.0000
905.5750,451.0000
908.1340,465.0000
910.6920,461.0000
913.2480,459.0000
915.8030,475.0000
918.3560,456.0000
920.9080,440.0000
923.4580,463.0000
926.0070,445.0000
928.5540,430.0000
931.1000,457.0000
933.6440,467.0000
936.1860,469.0000
938.7280,446.0000
941.2670,454.0000
943.8050,469.0000
946.3420,442.0000
948.8770,454.0000
951.4100,464.0000
953.9430,460.0000
956.4730,458.0000
959.0020,445.0000
961.5300,447.0000
964.0560,457.0000
966.5800,449.0000
969.1030,442.0000
971.6250,445.0000
974.1450,448.0000
976.6630,456.0000
979.1800,439.0000
981.6960,442.0000
984.2100,497.0000
986.7220,487.0000
989.2330,449.0000
991.7430,438.0000
994.2510,440.0000
996.7570,459.0000
999.2620,447.0000
1001.7700,455.0000
1004.2700,467.0000
1006.7700,465.0000
1009.2700,451.0000
1011.7700,434.0000
1014.2600,434.0000
1016.7600,431.0000
1019.2500,431.0000
1021.7400,447.0000
1024.2300,437.0000
1026.7200,426.0000
1029.2100,460.0000
1031.6900,472.0000
1034.1800,448.0000
1036.6600,442.0000
1039.1400,447.0000
1041.6200,446.0000
1044.1000,445.0000
1046.5800,432.0000
1049.0500,431.0000
1051.5200,435.0000
1054.0000,418.0000
1056.4700,406.0000
1058.9400,417.0000
1061.4000,427.0000
1063.8700,422.0000
1066.3400,424.0000
1068.8000,423.0000
1071.2600,424.0000
1073.7200,453.0000
1076.1800,437.0000
1078.6400,408.0000
1081.1000,417.0000
1083.5500,430.0000
1086.0000,428.0000
1088.4600,402.0000
1090.9100,410.0000
1093.3500,461.0000
1095.8000,459.0000
1098.2500,412.0000
1100.6900,421.0000
1103.1400,428.0000
1105.5800,405.0000
1108.0200,405.0000
1110.4600,424.0000
1112.8900,449.0000
1115.3300,460.0000
1117.7600,439.0000
1120.2000,418.0000
1122.6300,411.0000
1125.0600,411.0000
1127.4900,412.0000
1129.9100,410.0000
1132.3400,400.0000
1134.7600,404.0000
1137.1900,412.0000
1139.6100,412.0000
1142.0300,432.0000
1144.4400,433.0000
1146.8600,429.0000
1149.2800,426.0000
1151.6900,407.0000
1154.1000,395.0000
1156.5200,398.0000
1158.9200,419.0000
1161.3300,449.0000
1163.7400,432.0000
1166.1500,401.0000
1168.5500,412.0000
1170.9500,419.0000
1173.3500,425.0000
1175.7500,429.0000
1178.1500,424.0000
1180.5500,427.0000
1182.9400,420.0000
1185.3400,413.0000
1187.7300,430.0000
1190.1200,436.0000
1192.5100,432.0000
1194.9000,427.0000
1197.2900,415.0000
1199.6700,410.0000
1202.0500,413.0000
1204.4400,426.0000
1206.8200,452.0000
1209.2000,455.0000
1211.5800,481.0000
1213.9500,465.0000
1216.3300,432.0000
1218.7000,441.0000
1221.0800,412.0000
1223.4500,406.0000
1225.8200,425.0000
1228.1800,434.0000
1230.5500,446.0000
1232.9200,434.0000
1235.2800,437.0000
1237.6400,448.0000
1240.0100,436.0000
1242.3600,435.0000
1244.7200,425.0000
1247.0800,451.0000
1249.4400,442.0000
1251.7900,417.0000
1254.1400,426.0000
1256.4900,428.0000
1258.8400,453.0000
1261.1900,453.0000
1263.5400,414.0000
1265.8900,411.0000
1268.2300,421.0000
1270.5700,431.0000
1272.9200,437.0000
1275.2600,419.0000
1277.5900,443.0000
1279.9300,454.0000
1282.2700,418.0000
1284.6000,429.0000
1286.9400,456.0000
1289.2700,452.0000
1291.6000,431.0000
1293.9300,417.0000
1296.2600,428.0000
1298.5800,445.0000
1300.9100,446.0000
1303.2300,429.0000
1305.5500,418.0000
1307.8700,402.0000
1310.1900,401.0000
1312.5100,424.0000
1314.8300,426.0000
1317.1400,412.0000
1319.4600,422.0000
1321.7700,409.0000
1324.0800,399.0000
1326.3900,411.0000
1328.7000,415.0000
1331.0000,427.0000
1333.3100,415.0000
1335.6100,450.0000
1337.9200,465.0000
1340.2200,430.0000
1342.5200,430.0000
1344.8200,416.0000
1347.1100,403.0000
1349.4100,419.0000
1351.7000,425.0000
1354.0000,438.0000
1356.2900,449.0000
1358.5800,425.0000
1360.8700,411.0000
1363.1600,409.0000
1365.4400,402.0000
1367.7300,400.0000
1370.0100,406.0000
1372.2900,415.0000
1374.5800,423.0000
1376.8500,423.0000
1379.1300,418.0000
1381.4100,437.0000
1383.6900,431.0000
1385.9600,410.0000
1388.2300,410.0000
1390.5000,412.0000
1392.7700,416.0000
1395.0400,407.0000
1397.3100,402.0000
1399.5800,404.0000
1401.8400,416.0000
1404.1000,416.0000
1406.3700,394.0000
1408.6300,393.0000
1410.8900,406.0000
1413.1400,398.0000
1415.4000,408.0000
1417.6600,420.0000
1419.9100,419.0000
1422.1600,435.0000
1424.4100,413.0000
1426.6600,387.0000
1428.9100,418.0000
1431.1600,429.0000
1433.4000,416.0000
1435.6500,447.0000
1437.8900,444.0000
1440.1300,400.0000
1442.3700,392.0000
1444.6100,398.0000
1446.8500,399.0000
1449.0900,401.0000
1451.3200,406.0000
1453.5600,399.0000
1455.7900,399.0000
1458.0200,412.0000
1460.2500,430.0000
1462.4800,404.0000
1464.7100,394.0000
1466.9300,404.0000
1469.1600,397.0000
1471.3800,409.0000
1473.6000,405.0000
1475.8200,398.0000
1478.0400,398.0000
1480.2600,394.0000
1482.4700,381.0000
1484.6900,382.0000
1486.9000,390.0000
1489.1200,406.0000
1491.3300,402.0000
1493.5400,381.0000
1495.7500,407.0000
1497.9500,414.0000
1500.1600,392.0000
1502.3600,391.0000
1504.5700,395.0000
1506.7700,408.0000
1508.9700,408.0000
1511.1700,373.0000
1513.3700,380.0000
1515.5700,401.0000
1517.7600,385.0000
1519.9500,396.0000
1522.1500,413.0000
1524.3400,496.0000
1526.5300,493.0000
1528.7200,395.0000
1530.9100,387.0000
1533.0900,387.0000
1535.2800,389.0000
1537.4600,408.0000
1539.6400,411.0000
1541.8300,411.0000
1544.0100,417.0000
1546.1800,402.0000
1548.3600,392.0000
1550.5400,462.0000
1552.7100,461.0000
1554.8900,391.0000
1557.0600,478.0000
1559.2300,471.0000
1561.4000,393.0000
1563.5700,404.0000
1565.7300,417.0000
1567.9000,403.0000
1570.0600,396.0000
1572.2300,407.0000
1574.3900,393.0000
1576.5500,382.0000
1578.7100,382.0000
1580.8700,396.0000
1583.0200,393.0000
1585.1800,396.0000
1587.3300,407.0000
1589.4900,396.0000
1591.6400,393.0000
1593.7900,407.0000
1595.9400,400.0000
1598.0800,398.0000
1600.2300,407.0000
1602.3800,405.0000
1604.5200,402.0000
1606.6600,400.0000
1608.8000,414.0000
1610.9400,423.0000
1613.0800,406.0000
1615.2200,402.0000
1617.3600,405.0000
1619.4900,388.0000
1621.6200,394.0000
1623.7600,406.0000
1625.8900,411.0000
1628.0200,399.0000
1630.1500,395.0000
1632.2700,403.0000
1634.4000,399.0000
1636.5300,426.0000
1638.6500,412.0000
1640.7700,380.0000
1642.8900,402.0000
1645.0100,459.0000
1647.1300,460.0000
1649.2500,404.0000
1651.3600,407.0000
1653.4800,402.0000
1655.5900,386.0000
1657.7100,396.0000
1659.8200,408.0000
1661.9300,403.0000
1664.0400,408.0000
1666.1400,409.0000
1668.2500,380.0000
1670.3500,393.0000
1672.4600,405.0000
1674.5600,408.0000
1676.6600,402.0000
1678.7600,388.0000
1680.8600,404.0000
1682.9600,400.0000
1685.0500,389.0000
1687.1500,392.0000
1689.2400,377.0000
1691.3300,389.0000
1693.4200,407.0000
1695.5100,398.0000
1697.6000,398.0000
1699.6900,386.0000
1701.7800,392.0000
1703.8600,378.0000
1705.9500,381.0000
1708.0300,402.0000
1710.1100,389.0000
1712.1900,384.0000
1714.2700,394.0000
1716.3500,392.0000
1718.4200,404.0000
1720.5000,407.0000
1722.5700,388.0000
1724.6400,466.0000
1726.7200,467.0000
1728.7900,393.0000
1730.8500,387.0000
1732.9200,390.0000
1734.9900,390.0000
1737.0500,390.0000
1739.1200,393.0000
1741.1800,379.0000
1743.2400,381.0000
1745.3000,380.0000
1747.3600,373.0000
1749.4200,367.0000
1751.4800,389.0000
1753.5300,401.0000
1755.5900,389.0000
1757.6400,387.0000
1759.6900,375.0000
1761.7400,386.0000
1763.7900,384.0000
1765.8400,365.0000
1767.8900,367.0000
1769.9300,366.0000
1771.9800,378.0000
1774.0200,397.0000
1776.0700,394.0000
1778.1100,380.0000
1780.1500,370.0000
1782.1900,384.0000
1784.2200,402.0000
1786.2600,379.0000
1788.2900,372.0000
1790.3300,395.0000
1792.3600,392.0000
1794.3900,374.0000
1796.4200,361.0000
1798.4500,388.0000
1800.4800,384.0000
1802.5100,352.0000
1804.5300,372.0000
1806.5600,396.0000
1808.5800,386.0000
1810.6000,367.0000
1812.6200,356.0000
1814.6400,347.0000
1816.6600,360.0000
1818.6800,381.0000
1820.6900,373.0000
1822.7100,360.0000
1824.7200,380.0000
1826.7300,380.0000
1828.7500,349.0000
1830.7600,348.0000
1832.7600,381.0000
1834.7700,394.0000
1836.7800,377.0000
1838.7800,362.0000
1840.7900,366.0000
1842.7900,378.0000
1844.7900,375.0000
1846.7900,359.0000
1848.7900,380.0000
1850.7900,401.0000
1852.7900,374.0000
1854.7900,353.0000
1856.7800,361.0000
1858.7700,383.0000
1860.7700,380.0000
1862.7600,376.0000
1864.7500,404.0000
1866.7400,402.0000
1868.7200,368.0000
1870.7100,363.0000
1872.7000,376.0000
1874.6800,402.0000
1876.6600,399.0000
1878.6500,378.0000
1880.6300,371.0000
1882.6100,377.0000
1884.5900,380.0000
1886.5600,372.0000
1888.5400,379.0000
1890.5100,365.0000
1892.4900,372.0000
1894.4600,378.0000
1896.4300,385.0000
1898.4000,392.0000
1900.3700,389.0000
1902.3400,398.0000
1904.3100,400.0000
1906.2700,389.0000
1908.2400,372.0000
1910.2000,390.0000
1912.1600,392.0000
1914.1200,374.0000
1916.0800,368.0000
1918.0400,378.0000
1920.0000,387.0000
1921.9600,386.0000
1923.9100,382.0000
1925.8700,379.0000
1927.8200,380.0000
1929.7700,376.0000
1931.7200,383.0000
1933.6700,400.0000
1935.6200,397.0000
1937.5700,385.0000
1939.5200,392.0000
1941.4600,370.0000
1943.4100,366.0000
1945.3500,383.0000
1947.2900,383.0000
1949.2300,379.0000
1951.1700,379.0000
1953.1100,397.0000
1955.0500,398.0000
1956.9800,383.0000
1958.9200,387.0000
1960.8500,388.0000
1962.7900,381.0000
1964.7200,470.0000
1966.6500,465.0000
1968.5800,376.0000
1970.5100,396.0000
1972.4300,417.0000
1974.3600,427.0000
1976.2800,402.0000
1978.2100,388.0000
1980.1300,404.0000
1982.0500,390.0000
1983.9700,383.0000
1985.8900,381.0000
1987.8100,395.0000
1989.7300,407.0000
1991.6400,392.0000
1993.5600,392.0000
1995.4700,400.0000
1997.3900,408.0000
1999.3000,401.0000
2001.2100,384.0000
2003.1200,385.0000
2005.0200,384.0000
2006.9300,394.0000
2008.8400,403.0000
2010.7400,407.0000
2012.6500,445.0000
2014.5500,427.0000
2016.4500,381.0000
2018.3500,395.0000
2020.2500,404.0000
2022.1500,409.0000
2024.0500,408.0000
2025.9400,387.0000
2027.8400,389.0000
2029.7300,397.0000
2031.6300,397.0000
2033.5200,395.0000
2035.4100,383.0000
2037.3000,371.0000
2039.1900,374.0000
2041.0700,385.0000
2042.9600,389.0000
2044.8400,388.0000
2046.7300,376.0000
2048.6100,388.0000
2050.4900,400.0000
2052.3800,381.0000
2054.2500,377.0000
2056.1300,385.0000
2058.0100,396.0000
2059.8900,417.0000
2061.7600,413.0000
2063.6400,381.0000
2065.5100,391.0000
2067.3800,417.0000
2069.2500,389.0000
2071.1200,408.0000
2072.9900,414.0000
2074.8600,365.0000
2076.7300,375.0000
2078.5900,384.0000
2080.4600,388.0000
2082.3200,381.0000
2084.1800,379.0000
2086.0500,388.0000
2087.9100,373.0000
2089.7700,365.0000
2091.6200,383.0000
2093.4800,413.0000
2095.3400,385.0000
2097.1900,361.0000
2099.0500,380.0000
2100.9000,370.0000
2102.7500,355.0000
2104.6000,361.0000
2106.4500,373.0000
2108.3000,389.0000
2110.1500,384.0000
2112.0000,362.0000
2113.8400,363.0000
2115.6900,388.0000
2117.5300,386.0000
2119.3700,374.0000
2121.2100,370.0000
2123.0500,365.0000
2124.8900,375.0000
2126.7300,377.0000
2128.5700,382.0000
2130.4000,397.0000
2132.2400,384.0000
2134.0700,361.0000
2135.9100,367.0000
2137.7400,366.0000
2139.5700,381.0000
2141.4000,389.0000
2143.2300,376.0000
2145.0500,373.0000
2146.8800,384.0000
2148.7100,397.0000
2150.5300,377.0000
2152.3500,359.0000
2154.1800,366.0000
2156.0000,361.0000
2157.8200,352.0000
2159.6400,346.0000
2161.4600,348.0000
2163.2700,377.0000
2165.0900,373.0000
2166.9100,377.0000
2168.7200,383.0000
2170.5300,366.0000
2172.3400,365.0000
2174.1600,368.0000
2175.9700,365.0000
2177.7700,368.0000
2179.5800,372.0000
2181.3900,375.0000
2183.2000,374.0000
2185.0000,356.0000
2186.8000,360.0000
2188.6100,369.0000
2190.4100,369.0000
2192.2100,369.0000
2194.0100,384.0000
2195.8100,374.0000
2197.6100,362.0000
2199.4000,402.0000
2201.2000,469.0000
2202.9900,452.0000
2204.7900,371.0000
2206.5800,355.0000
2208.3700,362.0000
2210.1600,369.0000
2211.9500,357.0000
2213.7400,360.0000
2215.5300,371.0000
2217.3200,357.0000
2219.1000,370.0000
2220.8900,379.0000
2222.6700,371.0000
2224.4500,389.0000
2226.2300,385.0000
2228.0100,377.0000
2229.7900,373.0000
2231.5700,366.0000
2233.3500,435.0000
2235.1300,445.0000
2236.9000,372.0000
2238.6800,365.0000
2240.4500,369.0000
2242.2200,392.0000
2243.9900,405.0000
2245.7600,367.0000
2247.5300,409.0000
2249.3000,411.0000
2251.0700,364.0000
2252.8400,366.0000
2254.6000,382.0000
2256.3700,393.0000
2258.1300,386.0000
2259.8900,399.0000
2261.6600,469.0000
2263.4200,472.0000
2265.1800,395.0000
2266.9300,376.0000
2268.6900,384.0000
2270.4500,378.0000
2272.2000,384.0000
2273.9600,391.0000
2275.7100,374.0000
2277.4700,365.0000
2279.2200,372.0000
2280.9700,387.0000
2282.7200,382.0000
2284.4700,372.0000
2286.2200,381.0000
2287.9600,384.0000
2289.7100,380.0000
2291.4500,549.0000
2293.2000,555.0000
2294.9400,372.0000
2296.6800,384.0000
2298.4200,400.0000
2300.1600,387.0000
2301.9000,388.0000
2303.6400,389.0000
2305.3800,437.0000
2307.1100,448.0000
2308.8500,391.0000
2310.5800,368.0000
2312.3200,365.0000
2314.0500,379.0000
2315.7800,397.0000
2317.5100,409.0000
2319.2400,405.0000
2320.9700,380.0000
2322.7000,376.0000
2324.4200,387.0000
2326.1500,390.0000
2327.8700,391.0000
2329.6000,376.0000
2331.3200,367.0000
2333.0400,375.0000
2334.7600,381.0000
2336.4800,388.0000
2338.2000,373.0000
2339.9200,378.0000
2341.6400,395.0000
2343.3500,387.0000
2345.0700,372.0000
2346.7800,357.0000
2348.5000,376.0000
2350.2100,457.0000
2351.9200,474.0000
2353.6300,406.0000
2355.3400,419.0000
2357.0500,432.0000
2358.7600,397.0000
2360.4600,398.0000
2362.1700,392.0000
2363.8700,370.0000
2365.5800,374.0000
2367.2800,384.0000
2368.9800,382.0000
2370.6800,378.0000
2372.3800,372.0000
2374.0800,384.0000
2375.7800,390.0000
2377.4800,383.0000
2379.1700,386.0000
2380.8700,376.0000
2382.5600,373.0000
2384.2600,391.0000
2385.9500,386.0000
2387.6400,364.0000
2389.3300,371.0000
2391.0200,488.0000
2392.7100,487.0000
2394.4000,383.0000
2396.0900,379.0000
2397.7700,362.0000
2399.4600,367.0000
2401.1400,385.0000
2402.8300,387.0000
2404.5100,392.0000
2406.1900,375.0000
2407.8700,368.0000
2409.5500,367.0000
2411.2300,370.0000
2412.9100,368.0000
2414.5800,359.0000
2416.2600,406.0000
2417.9400,403.0000
2419.6100,367.0000
2421.2800,369.0000
2422.9600,378.0000
2424.6300,379.0000
2426.3000,370.0000
2427.9700,376.0000
2429.6400,373.0000
2431.3000,370.0000
2432.9700,381.0000
2434.6400,400.0000
2436.3000,386.0000
2437.9700,362.0000
2439.6300,383.0000
2441.2900,385.0000
2442.9600,472.0000
2444.6200,511.0000
2446.2800,402.0000
2447.9300,379.0000
2449.5900,384.0000
2451.2500,373.0000
2452.9100,363.0000
2454.5600,368.0000
2456.2200,394.0000
2457.8700,394.0000
2459.5200,390.0000
2461.1700,406.0000
2462.8200,397.0000
2464.4700,379.0000
2466.1200,369.0000
2467.7700,378.0000
2469.4200,400.0000
2471.0700,387.0000
2472.7100,430.0000
2474.3600,426.0000
2476.0000,378.0000
2477.6400,388.0000
2479.2900,389.0000
2480.9300,390.0000
2482.5700,395.0000
2484.2100,390.0000
2485.8400,388.0000
2487.4800,395.0000
2489.1200,389.0000
2490.7500,389.0000
2492.3900,390.0000
2494.0200,399.0000
2495.6600,400.0000
2497.2900,385.0000
2498.9200,369.0000
2500.5500,370.0000
2502.1800,379.0000
2503.8100,378.0000
2505.4400,371.0000
2507.0700,376.0000
2508.6900,372.0000
2510.3200,362.0000
2511.9400,377.0000
2513.5700,382.0000
2515.1900,371.0000
2516.8100,363.0000
2518.4300,366.0000
2520.0500,364.0000
2521.6700,376.0000
2523.2900,387.0000
2524.9100,391.0000
2526.5300,376.0000
2528.1400,362.0000
2529.7600,365.0000
2531.3700,370.0000
2532.9800,388.0000
2534.6000,378.0000
2536.2100,357.0000
2537.8200,350.0000
2539.4300,362.0000
2541.0400,380.0000
2542.6500,386.0000
2544.2500,379.0000
2545.8600,370.0000
2547.4700,377.0000
2549.0700,392.0000
2550.6800,369.0000
2552.2800,346.0000
2553.8800,367.0000
2555.4800,366.0000
2557.0800,373.0000
2558.6800,364.0000
2560.2800,357.0000
2561.8800,366.0000
2563.4800,375.0000
2565.0800,390.0000
2566.6700,371.0000
2568.2700,357.0000
2569.8600,356.0000
2571.4500,352.0000
2573.0500,357.0000
2574.6400,368.0000
2576.2300,372.0000
2577.8200,379.0000
2579.4100,377.0000
2581.0000,355.0000
2582.5800,357.0000
2584.1700,375.0000
2585.7500,379.0000
2587.3400,372.0000
2588.9200,360.0000
2590.5100,344.0000
2592.0900,331.0000
2593.6700,338.0000
2595.2500,357.0000
2596.8300,361.0000
2598.4100,350.0000
2599.9900,363.0000
2601.5700,373.0000
2603.1400,352.0000
2604.7200,342.0000
2606.3000,370.0000
2607.8700,381.0000
2609.4400,357.0000
2611.0200,360.0000
2612.5900,350.0000
2614.1600,367.0000
2615.7300,388.0000
2617.3000,355.0000
2618.8700,357.0000
2620.4300,387.0000
2622.0000,367.0000
2623.5700,355.0000
2625.1300,372.0000
2626.7000,379.0000
2628.2600,374.0000
2629.8200,358.0000
2631.3900,357.0000
2632.9500,347.0000
2634.5100,352.0000
2636.0700,371.0000
2637.6300,357.0000
2639.1900,340.0000
2640.7400,348.0000
2642.3000,352.0000
2643.8600,355.0000
2645.4100,358.0000
2646.9700,363.0000
2648.5200,376.0000
2650.0700,373.0000
2651.6200,391.0000
2653.1700,389.0000
2654.7200,366.0000
2656.2700,358.0000
2657.8200,350.0000
2659.3700,360.0000
2660.9200,370.0000
2662.4600,369.0000
2664.0100,375.0000
2665.5600,382.0000
2667.1000,366.0000
2668.6400,400.0000
2670.1800,400.0000
2671.7300,363.0000
2673.2700,366.0000
2674.8100,364.0000
2676.3500,369.0000
2677.8900,374.0000
2679.4200,383.0000
2680.9600,369.0000
2682.5000,361.0000
2684.0300,376.0000
2685.5700,369.0000
2687.1000,353.0000
2688.6300,350.0000
2690.1700,352.0000
2691.7000,356.0000
2693.2300,431.0000
2694.7600,423.0000
2696.2900,361.0000
2697.8200,367.0000
2699.3400,364.0000
2700.8700,350.0000
2702.4000,341.0000
2703.9200,360.0000
2705.4500,349.0000
2706.9700,349.0000
2708.5000,439.0000
2710.0200,430.0000
2711.5400,359.0000
2713.0600,376.0000
2714.5800,380.0000
2716.1000,376.0000
2717.6200,365.0000
2719.1400,361.0000
2720.6500,361.0000
2722.1700,372.0000
2723.6900,367.0000
2725.2000,360.0000
2726.7200,361.0000
2728.2300,372.0000
2729.7400,363.0000
2731.2500,349.0000
2732.7700,376.0000
2734.2800,368.0000
2735.7900,366.0000
2737.2900,378.0000
2738.8000,365.0000
2740.3100,377.0000
2741.8200,372.0000
2743.3200,368.0000
2744.8300,369.0000
2746.3300,361.0000
2747.8400,368.0000
2749.3400,360.0000
2750.8400,368.0000
2752.3400,382.0000
2753.8400,362.0000
2755.3400,350.0000
2756.8400,357.0000
2758.3400,370.0000
2759.8400,371.0000
2761.3400,352.0000
2762.8300,358.0000
2764.3300,365.0000
2765.8300,375.0000
2767.3200,378.0000
2768.8100,345.0000
2770.3100,361.0000
2771.8000,377.0000
2773.2900,355.0000
2774.7800,366.0000
2776.2700,453.0000
2777.7600,447.0000
2779.2500,352.0000
2780.7400,342.0000
2782.2200,352.0000
2783.7100,360.0000
2785.2000,377.0000
2786.6800,386.0000
2788.1600,364.0000
2789.6500,343.0000
2791.1300,335.0000
2792.6100,357.0000
2794.0900,368.0000
2795.5800,372.0000
2797.0600,384.0000
2798.5300,373.0000
2800.0100,371.0000
2801.4900,376.0000
2802.9700,374.0000
2804.4400,372.0000
2805.9200,371.0000
2807.4000,366.0000
2808.8700,355.0000
2810.3400,353.0000
2811.8200,360.0000
2813.2900,358.0000
2814.7600,351.0000
2816.2300,360.0000
2817.7000,360.0000
2819.1700,349.0000
2820.6400,354.0000
2822.1100,359.0000
2823.5700,360.0000
2825.0400,366.0000
2826.5100,364.0000
2827.9700,376.0000
2829.4400,386.0000
2830.9000,371.0000
2832.3600,363.0000
2833.8300,370.0000
2835.2900,396.0000
2836.7500,380.0000
2838.2100,347.0000
2839.6700,372.0000
2841.1300,378.0000
2842.5900,371.0000
2844.0500,364.0000
2845.5000,341.0000
2846.9600,362.0000
2848.4100,364.0000
2849.8700,356.0000
2851.3200,377.0000
2852.7800,365.0000
2854.2300,359.0000
2855.6800,365.0000
2857.1300,371.0000
2858.5900,376.0000
2860.0400,362.0000
2861.4900,363.0000
2862.9300,370.0000
2864.3800,366.0000
2865.8300,362.0000
2867.2800,363.0000
2868.7200,364.0000
2870.1700,378.0000
2871.6100,407.0000
2873.0600,389.0000
2874.5000,356.0000
2875.9500,360.0000
2877.3900,360.0000
2878.8300,355.0000
2880.2700,352.0000
2881.7100,353.0000
2883.1500,354.0000
2884.5900,366.0000
2886.0300,369.0000
2887.4700,359.0000
2888.9000,376.0000
2890.3400,405.0000
2891.7700,390.0000
2893.2100,370.0000
2894.6400,372.0000
2896.0800,368.0000
2897.5100,371.0000
2898.9400,363.0000
2900.3800,363.0000
2901.8100,360.0000
2903.2400,362.0000
2904.6700,383.0000
2906.1000,377.0000
2907.5200,359.0000
2908.9500,357.0000
2910.3800,370.0000
2911.8100,374.0000
2913.2300,371.0000
2914.6600,384.0000
2916.0800,386.0000
2917.5100,380.0000
2918.9300,365.0000
2920.3500,390.0000
2921.7800,456.0000
2923.2000,422.0000
2924.6200,369.0000
2926.0400,372.0000
2927.4600,389.0000
2928.8800,378.0000
2930.2900,363.0000
2931.7100,365.0000
2933.1300,370.0000
2934.5500,397.0000
2935.9600,388.0000
2937.3800,366.0000
2938.7900,364.0000
2940.2100,349.0000
2941.6200,334.0000
2943.0300,440.0000
2944.4400,449.0000
2945.8600,366.0000
2947.2700,377.0000
2948.6800,369.0000
2950.0900,373.0000
2951.5000,376.0000
2952.9000,370.0000
2954.3100,381.0000
2955.7200,373.0000
2957.1300,355.0000
2958.5300,370.0000
2959.9400,384.0000
2961.3400,410.0000
2962.7500,402.0000
2964.1500,371.0000
2965.5500,366.0000
2966.9500,366.0000
2968.3600,363.0000
2969.7600,373.0000
2971.1600,365.0000
2972.5600,367.0000
2973.9600,394.0000
2975.3600,392.0000
2976.7500,378.0000
2978.1500,369.0000
2979.5500,435.0000
2980.9400,419.0000
2982.3400,346.0000
2983.7300,358.0000
2985.1300,374.0000
2986.5200,368.0000
2987.9200,376.0000
2989.3100,389.0000
2990.7000,386.0000
2992.0900,374.0000
2993.4800,573.0000
2994.8700,572.0000
2996.2600,357.0000
2997.6500,367.0000
2999.0400,380.0000
3000.4300,375.0000
3001.8200,355.0000
3003.2000,352.0000
3004.5900,422.0000
3005.9700,443.0000
3007.3600,374.0000
3008.7400,364.0000
3010.1300,364.0000
3011.5100,345.0000
3012.8900,356.0000
3014.2800,362.0000
3015.6600,369.0000
3017.0400,387.0000
3018.4200,386.0000
3019.8000,407.0000
3021.1800,395.0000
3022.5600,371.0000
3023.9300,403.0000
3025.3100,386.0000
3026.6900,350.0000
3028.0600,361.0000
3029.4400,364.0000
3030.8100,370.0000
3032.1900,375.0000
3033.5600,382.0000
3034.9400,371.0000
3036.3100,357.0000
3037.6800,373.0000
3039.0500,374.0000
3040.4300,376.0000
3041.8000,394.0000
3043.1700,371.0000
3044.5400,364.0000
3045.9000,372.0000
3047.2700,372.0000
3048.6400,382.0000
3050.0100,376.0000
3051.3700,361.0000
3052.7400,346.0000
3054.1100,355.0000
3055.4700,373.0000
3056.8400,379.0000
3058.2000,370.0000
3059.5600,393.0000
3060.9300,400.0000
3062.2900,404.0000
3063.6500,390.0000
3065.0100,375.0000
3066.3700,389.0000
3067.7300,387.0000
3069.0900,386.0000
3070.4500,380.0000
3071.8100,371.0000
3073.1700,360.0000
3074.5200,354.0000
3075.8800,351.0000
3077.2400,360.0000
3078.5900,353.0000
3079.9500,363.0000
3081.3000,364.0000
3082.6600,342.0000
3084.0100,342.0000
3085.3600,337.0000
3086.7200,351.0000
3088.0700,347.0000
3089.4200,328.0000
3090.7700,338.0000
3092.1200,347.0000
3093.4700,379.0000
3094.8200,386.0000
3096.1700,356.0000
3097.5200,360.0000
3098.8600,360.0000
3100.2100,341.0000
3101.5600,344.0000
3102.9000,403.0000
3104.2500,398.0000
3105.5900,333.0000
3106.9400,337.0000
3108.2800,355.0000
3109.6300,392.0000
3110.9700,384.0000
3112.3100,332.0000
3113.6500,330.0000
3115.0000,342.0000
3116.3400,345.0000
3117.6800,338.0000
3119.0200,337.0000
3120.3600,356.0000
3121.7000,361.0000
3123.0300,363.0000
3124.3700,363.0000
3125.7100,353.0000
3127.0500,347.0000
3128.3800,349.0000
3129.7200,368.0000
3131.0500,368.0000
3132.3900,348.0000
3133.7200,332.0000
3135.0600,342.0000
3136.3900,369.0000
3137.7200,367.0000
3139.0500,365.0000
3140.3900,367.0000
3141.7200,372.0000
3143.0500,367.0000
3144.3800,356.0000
3145.7100,378.0000
3147.0400,385.0000
3148.3700,371.0000
3149.6900,382.0000
3151.0200,380.0000
3152.3500,368.0000
3153.6800,382.0000
3155.0000,380.0000
3156.3300,373.0000
3157.6500,382.0000
3158.9800,623.0000
3160.3000,628.0000
3161.6300,375.0000
3162.9500,346.0000
3164.2700,339.0000
3165.5900,355.0000
3166.9200,382.0000
3168.2400,394.0000
3169.5600,367.0000
3170.8800,359.0000
3172.2000,367.0000
3173.5200,369.0000
3174.8400,361.0000
3176.1600,420.0000
3177.4700,430.0000
3178.7900,359.0000
3180.1100,368.0000
3181.4300,375.0000
3182.7400,361.0000
3184.0600,365.0000
3185.3700,371.0000
3186.6900,362.0000
3188.0000,355.0000
3189.3200,355.0000
3190.6300,372.0000
3191.9400,379.0000
3193.2500,387.0000
3194.5700,381.0000
3195.8800,366.0000
3197.1900,374.0000
3198.5000,386.0000
3199.8100,388.0000
3201.1200,379.0000
3202.4300,383.0000
3203.7400,384.0000
3205.0400,364.0000
3206.3500,361.0000
3207.6600,401.0000
3208.9700,402.0000
3210.2700,369.0000
3211.5800,374.0000
3212.8800,375.0000
3214.1900,366.0000
3215.4900,364.0000
3216.8000,375.0000
3218.1000,369.0000
3219.4000,362.0000
3220.7100,364.0000
3222.0100,367.0000
3223.3100,378.0000
3224.6100,363.0000
3225.9100,361.0000
3227.2100,347.0000
3228.5100,346.0000
3229.8100,376.0000
3231.1100,381.0000
3232.4100,378.0000
3233.7100,385.0000
3235.0100,385.0000
3236.3000,371.0000
3237.6000,373.0000
3238.9000,374.0000
3240.1900,358.0000
3241.4900,378.0000
3242.7800,375.0000
3244.0800,345.0000
3245.3700,340.0000
3246.6700,345.0000
3247.9600,384.0000
3249.2500,387.0000
3250.5500,352.0000
3251.8400,348.0000
3253.1300,363.0000
3254.4200,360.0000
3255.7100,354.0000
3257.0000,387.0000
3258.2900,397.0000
3259.5800,366.0000
3260.8700,391.0000
3262.1600,409.0000
3263.4500,489.0000
3264.7400,489.0000
3266.0200,379.0000
3267.3100,383.0000
3268.6000,378.0000
3269.8800,362.0000
3271.1700,362.0000
3272.4600,363.0000
3273.7400,382.0000
3275.0200,380.0000
3276.3100,403.0000
3277.5900,437.0000
3278.8800,405.0000
3280.1600,357.0000
3281.4400,358.0000
3282.7200,381.0000
3284.0100,371.0000
3285.2900,363.0000
3286.5700,369.0000
3287.8500,357.0000
3289.1300,359.0000
3290.4100,400.0000
3291.6900,406.0000
3292.9700,388.0000
3294.2400,372.0000
3295.5200,393.0000
3296.8000,394.0000
3298.0800,368.0000
3299.3500,381.0000
3300.6300,369.0000
3301.9100,392.0000
3303.1800,397.0000
3304.4600,366.0000
3305.7300,373.0000
3307.0100,375.0000
3308.2800,371.0000
3309.5500,372.0000
3310.8300,373.0000
3312.1000,385.0000
3313.3700,375.0000
3314.6400,368.0000
3315.9200,378.0000
3317.1900,369.0000
3318.4600,381.0000
3319.7300,382.0000
3321.0000,358.0000
3322.2700,365.0000
3323.5400,380.0000
3324.8100,374.0000
3326.0800,365.0000
3327.3400,375.0000
3328.6100,381.0000
3329.8800,373.0000
3331.1500,373.0000
3332.4100,370.0000
3333.6800,373.0000
3334.9500,367.0000
3336.2100,376.0000
3337.4800,375.0000
3338.7400,361.0000
3340.0100,367.0000
3341.2700,375.0000
3342.5300,368.0000
3343.8000,369.0000
3345.0600,391.0000
3346.3200,376.0000
3347.5900,496.0000
3348.8500,515.0000
3350.1100,438.0000
3351.3700,430.0000
3352.6300,363.0000
3353.8900,351.0000
3355.1500,363.0000
3356.4100,376.0000
3357.6700,394.0000
3358.9300,377.0000
3360.1900,362.0000
3361.4500,363.0000
3362.7000,365.0000
3363.9600,381.0000
3365.2200,408.0000
3366.4800,402.0000
3367.7300,350.0000
3368.9900,355.0000
3370.2400,384.0000
3371.5000,382.0000
3372.7500,380.0000
3374.0100,371.0000
3375.2600,366.0000
3376.5200,382.0000
3377.7700,395.0000
3379.0300,397.0000
3380.2800,376.0000
3381.5300,391.0000
3382.7800,385.0000
3384.0400,348.0000
3385.2900,355.0000
3386.5400,359.0000
3387.7900,366.0000
3389.0400,385.0000
3390.2900,376.0000
3391.5400,361.0000
3392.7900,359.0000
3394.0400,368.0000
3395.2900,358.0000
3396.5400,421.0000
3397.7800,461.0000
3399.0300,405.0000
3400.2800,388.0000
3401.5300,362.0000
3402.7700,341.0000
3404.0200,371.0000
3405.2700,379.0000
3406.5100,373.0000
3407.7600,390.0000
3409.0000,380.0000
3410.2500,360.0000
3411.4900,339.0000
3412.7400,335.0000
3413.9800,350.0000
3415.2300,381.0000
3416.4700,383.0000
3417.7100,348.0000
3418.9600,351.0000
3420.2000,359.0000
3421.4400,349.0000
3422.6800,377.0000
3423.9200,388.0000
3425.1600,368.0000
3426.4100,368.0000
3427.6500,374.0000
3428.8900,408.0000
3430.1300,398.0000
3431.3700,361.0000
3432.6000,360.0000
3433.8400,364.0000
3435.0800,360.0000
3436.3200,365.0000
3437.5600,372.0000
3438.8000,387.0000
3440.0300,389.0000
3441.2700,395.0000
3442.5100,382.0000
3443.7400,353.0000
3444.9800,361.0000
3446.2200,367.0000
3447.4500,369.0000
3448.6900,359.0000
3449.9200,361.0000
3451.1600,358.0000
3452.3900,345.0000
3453.6300,340.0000
3454.8600,344.0000
3456.0900,358.0000
3457.3300,351.0000
3458.5600,351.0000
3459.7900,372.0000
3461.0200,379.0000
3462.2600,366.0000
3463.4900,346.0000
3464.7200,343.0000
3465.9500,342.0000
3467.1800,345.0000
3468.4100,350.0000
3469.6400,338.0000
3470.8700,342.0000
3472.1000,358.0000
3473.3300,336.0000
3474.5600,338.0000
3475.7900,355.0000
3477.0200,367.0000
3478.2500,389.0000
3479.4800,394.0000
3480.7000,369.0000
3481.9300,349.0000
3483.1600,360.0000
3484.3900,360.0000
3485.6100,376.0000
3486.8400,377.0000
3488.0700,356.0000
3489.2900,354.0000
3490.5200,361.0000
3491.7400,362.0000
3492.9700,343.0000
3494.1900,347.0000
3495.4200,356.0000
3496.6400,357.0000
3497.8700,356.0000
3499.0900,344.0000
3500.3100,357.0000
3501.5400,366.0000
3502.7600,366.0000
3503.9800,357.0000
3505.2000,394.0000
3506.4300,419.0000
3507.6500,431.0000
3508.8700,421.0000
3510.0900,371.0000
3511.3100,380.0000
3512.5300,384.0000
3513.7500,373.0000
3514.9800,382.0000
3516.2000,373.0000
3517.4200,355.0000
3518.6400,373.0000
3519.8500,359.0000
3521.0700,342.0000
3522.2900,365.0000
3523.5100,361.0000
3524.7300,359.0000
3525.9500,368.0000
3527.1700,354.0000
3528.3800,353.0000
3529.6000,472.0000
3530.8200,463.0000
3532.0400,343.0000
3533.2500,350.0000
3534.4700,362.0000
3535.6800,356.0000
3536.9000,334.0000
3538.1200,346.0000
3539.3300,362.0000
3540.5500,362.0000
3541.7600,362.0000
3542.9800,360.0000
3544.1900,360.0000
3545.4100,355.0000
3546.6200,357.0000
3547.8300,363.0000
3549.0500,364.0000
3550.2600,364.0000
3551.4700,367.0000
3552.6900,389.0000
3553.9000,383.0000
3555.1100,355.0000
3556.3300,373.0000
3557.5400,381.0000
3558.7500,366.0000
3559.9600,367.0000
3561.1700,376.0000
3562.3800,412.0000
3563.6000,394.0000
3564.8100,360.0000
3566.0200,361.0000
3567.2300,353.0000
3568.4400,364.0000
3569.6500,379.0000
3570.8600,373.0000
3572.0700,363.0000
3573.2800,376.0000
3574.4800,374.0000
3575.6900,371.0000
3576.9000,379.0000
3578.1100,394.0000
3579.3200,380.0000
3580.5300,365.0000
3581.7300,370.0000
3582.9400,380.0000
3584.1500,393.0000
3585.3600,385.0000
3586.5600,381.0000
3587.7700,377.0000
3588.9800,365.0000
3590.1800,377.0000
3591.3900,378.0000
3592.6000,373.0000
3593.8000,381.0000
3595.0100,373.0000
3596.2100,388.0000
3597.4200,396.0000
3598.6200,373.0000
3599.8300,373.0000
3601.0300,390.0000
3602.2400,384.0000
3603.4400,368.0000
3604.6400,381.0000
3605.8500,410.0000
3607.0500,398.0000
3608.2600,387.0000
3609.4600,394.0000
3610.6600,383.0000
3611.8600,443.0000
3613.0700,455.0000
3614.2700,392.0000
3615.4700,365.0000
3616.6700,361.0000
3617.8800,379.0000
3619.0800,390.0000
3620.2800,387.0000
3621.4800,373.0000
3622.6800,377.0000
3623.8800,377.0000
3625.0800,360.0000
3626.2900,361.0000
3627.4900,380.0000
3628.6900,377.0000
3629.8900,374.0000
3631.0900,431.0000
3632.2900,441.0000
3633.4900,398.0000
3634.6900,370.0000
3635.8900,365.0000
3637.0800,363.0000
3638.2800,365.0000
3639.4800,374.0000
3640.6800,362.0000
3641.8800,375.0000
3643.0800,382.0000
3644.2800,413.0000
3645.4700,401.0000
3646.6700,348.0000
3647.8700,372.0000
3649.0700,390.0000
3650.2700,365.0000
3651.4600,363.0000
3652.6600,382.0000
3653.8600,385.0000
3655.0500,458.0000
3656.2500,446.0000
3657.4500,374.0000
3658.6400,387.0000
3659.8400,433.0000
3661.0300,421.0000
3662.2300,363.0000
3663.4300,400.0000
3664.6200,411.0000
3665.8200,378.0000
3667.0100,363.0000
3668.2100,354.0000
3669.4000,369.0000
3670.6000,369.0000
3671.7900,359.0000
3672.9900,384.0000
3674.1800,424.0000
3675.3800,416.0000
3676.5700,401.0000
3677.7600,392.0000
3678.9600,370.0000
3680.1500,370.0000
3681.3400,384.0000
3682.5400,383.0000
3683.7300,378.0000
3684.9200,389.0000
3686.1200,381.0000
3687.3100,426.0000
3688.5000,422.0000
3689.7000,378.0000
3690.8900,407.0000
3692.0800,402.0000
3693.2700,373.0000
3694.4700,370.0000
3695.6600,365.0000
3696.8500,368.0000
3698.0400,370.0000
3699.2300,454.0000
3700.4200,463.0000
3701.6200,371.0000
3702.8100,371.0000
3704.0000,391.0000
3705.1900,393.0000
3706.3800,391.0000
3707.5700,395.0000
3708.7600,391.0000
3709.9500,389.0000
3711.1400,403.0000
3712.3300,408.0000
3713.5200,373.0000
3714.7100,357.0000
3715.9000,360.0000
3717.0900,372.0000
3718.2800,397.0000
3719.4700,393.0000
3720.6600,378.0000
3721.8500,385.0000
3723.0400,393.0000
3724.2300,368.0000
3725.4200,360.0000
3726.6100,380.0000
3727.8000,400.0000
3728.9900,397.0000
3730.1700,366.0000
3731.3600,363.0000
3732.5500,380.0000
3733.7400,393.0000
3734.9300,402.0000
3736.1200,385.0000
3737.3000,390.0000
3738.4900,414.0000
3739.6800,401.0000
3740.8700,388.0000
3742.0600,385.0000
3743.2400,391.0000
3744.4300,456.0000
3745.6200,451.0000
3746.8100,405.0000
3747.9900,392.0000
3749.1800,383.0000
3750.3700,383.0000
3751.5500,379.0000
3752.7400,385.0000
3753.9300,375.0000
3755.1100,373.0000
3756.3000,381.0000
3757.4900,389.0000
3758.6700,367.0000
3759.8600,373.0000
3761.0500,392.0000
3762.2300,386.0000
3763.4200,391.0000
3764.6100,393.0000
3765.7900,398.0000
3766.9800,392.0000
3768.1600,378.0000
3769.3500,384.0000
3770.5300,394.0000
3771.7200,397.0000
3772.9100,479.0000
3774.0900,485.0000
3775.2800,421.0000
3776.4600,409.0000
3777.6500,387.0000
3778.8300,374.0000
3780.0200,379.0000
3781.2000,390.0000
3782.3900,397.0000
3783.5700,390.0000
3784.7600,371.0000
3785.9400,371.0000
3787.1300,401.0000
3788.3100,403.0000
3789.5000,383.0000
3790.6800,393.0000
3791.8700,394.0000
3793.0500,389.0000
3794.2300,398.0000
3795.4200,405.0000
3796.6000,400.0000
3797.7900,398.0000
3798.9700,407.0000
3800.1600,405.0000
3801.3400,402.0000
3802.5200,416.0000
3803.7100,424.0000
3804.8900,396.0000
3806.0800,189.0000
